Credential,ProviderLocatorCode,CreatedDate,TicketStatus,,,,,,,,,,,,,,,,,
UAE,CLQXD1,2025-06-20T00:06:41.583+00:00,Ticketed,,,,,,,,,,,,,,,,,
UAE,CLDHPV,2025-06-20T01:52:45.385+00:00,Ticketed,,,,,,,,,,,,,,,,,
UAE,CLRCQY,2025-06-20T02:28:49.016+00:00,Ticketed,,,,,,,,,,,,,,,,,
UAE,CLRK1X,2025-06-20T03:07:48.762+00:00,Ticketed,,,,,,,,,,,,,,,,,
UAE,CLRN9Z,2025-06-20T03:37:00.428+00:00,Ticketed,,,,,,,,,,,,,,,,,
UAE,CLS51X,2025-06-20T05:30:30.277+00:00,Ticketed,,,,,,,,,,,,,,,,,
UAE,CLTTY7,2025-06-20T08:56:44.110+00:00,Ticketed,,,,,,,,,,,,,,,,,
UAE,CLTSZ9,2025-06-20T09:02:12.350+00:00,Ticketed,,,,,,,,,,,,,,,,,
UAE,CLV0ZP,2025-06-20T09:11:42.627+00:00,Ticketed,,,,,,,,,,,,,,,,,
UAE,CLTY4C,2025-06-20T09:02:26.404+00:00,Ticketed,,,,,,,,,,,,,,,,,
UAE,CLV5S6,2025-06-20T09:26:35.986+00:00,Ticketed,,,,,,,,,,,,,,,,,
UAE,CLVDMC,2025-06-20T09:49:57.469+00:00,Ticketed,,,,,,,,,,,,,,,,,
UAE,CLVB7Q,2025-06-20T09:59:30.819+00:00,Ticketed,,,,,,,,,,,,,,,,,
UAE,CLVLSH,2025-06-20T10:08:39.449+00:00,Ticketed,,,,,,,,,,,,,,,,,
UAE,CLVSHR,2025-06-20T10:42:31.941+00:00,Ticketed,,,,,,,,,,,,,,,,,
UAE,CLW01Y,2025-06-20T10:45:55.041+00:00,Ticketed,,,,,,,,,,,,,,,,,
UAE,CLW54Q,2025-06-20T11:04:37.928+00:00,Ticketed,,,,,,,,,,,,,,,,,
UAE,CLVZK7,2025-06-20T11:09:12.143+00:00,Ticketed,,,,,,,,,,,,,,,,,
UAE,CLW89R,2025-06-20T11:14:47.481+00:00,Ticketed,,,,,,,,,,,,,,,,,
UAE,CLWBBD,2025-06-20T11:23:23.044+00:00,Ticketed,,,,,,,,,,,,,,,,,
UAE,CLWFT7,2025-06-20T11:31:24.012+00:00,Ticketed,,,,,,,,,,,,,,,,,
UAE,CLWF6B,2025-06-20T11:29:12.635+00:00,Ticketed,,,,,,,,,,,,,,,,,
UAE,CLWJP6,2025-06-20T11:48:25.315+00:00,Ticketed,,,,,,,,,,,,,,,,,
UAE,CLWZ92,2025-06-20T12:29:32.550+00:00,Ticketed,,,,,,,,,,,,,,,,,
UAE,CLX532,2025-06-20T12:47:07.721+00:00,Ticketed,,,,,,,,,,,,,,,,,
UAE,CLX76B,2025-06-20T12:54:04.203+00:00,Ticketed,,,,,,,,,,,,,,,,,
UAE,CLX8WK,2025-06-20T12:59:56.857+00:00,Ticketed,,,,,,,,,,,,,,,,,
UAE,CLXDG6,2025-06-20T13:11:59.437+00:00,Ticketed,,,,,,,,,,,,,,,,,
UAE,CLXN67,2025-06-20T13:37:54.968+00:00,Ticketed,,,,,,,,,,,,,,,,,
UAE,CLXTK7,2025-06-20T13:59:14.582+00:00,Ticketed,,,,,,,,,,,,,,,,,
UAE,CLXXDR,2025-06-20T14:05:16.511+00:00,Ticketed,,,,,,,,,,,,,,,,,
UAE,CLY8CS,2025-06-20T14:43:03.030+00:00,Ticketed,,,,,,,,,,,,,,,,,
UAE,CLYF11,2025-06-20T14:59:21.921+00:00,Ticketed,,,,,,,,,,,,,,,,,
UAE,CLSLR7,2025-06-20T06:36:27.608+00:00,Ticketed,,,,,,,,,,,,,,,,,
UAE,CLSGHQ,2025-06-20T06:17:50.670+00:00,Ticketed,,,,,,,,,,,,,,,,,
UAE,CLY8F4,2025-06-20T15:11:57.856+00:00,Ticketed,,,,,,,,,,,,,,,,,
UAE,CLYJGD,2025-06-20T15:11:48.926+00:00,Ticketed,,,,,,,,,,,,,,,,,
UAE,CLYL48,2025-06-20T15:17:55.223+00:00,Ticketed,,,,,,,,,,,,,,,,,
UAE,CLYJYP,2025-06-20T15:22:15.044+00:00,Ticketed,,,,,,,,,,,,,,,,,
UAE,CLYFM4,2025-06-20T15:25:10.344+00:00,Ticketed,,,,,,,,,,,,,,,,,
UAE,CLY734,2025-06-20T14:38:29.548+00:00,Ticketed,,,,,,,,,,,,,,,,,
UAE,CLYNBV,2025-06-20T15:27:15.381+00:00,Ticketed,,,,,,,,,,,,,,,,,
UAE,CLYS5R,2025-06-20T15:46:58.746+00:00,Ticketed,,,,,,,,,,,,,,,,,
UAE,CLYXHC,2025-06-20T15:59:21.743+00:00,Ticketed,,,,,,,,,,,,,,,,,
UAE,CLYMN7,2025-06-20T16:04:26.336+00:00,Ticketed,,,,,,,,,,,,,,,,,
UAE,CLYYP9,2025-06-20T16:06:52.715+00:00,Ticketed,,,,,,,,,,,,,,,,,
UAE,CLYXW3,2025-06-20T16:14:52.165+00:00,Ticketed,,,,,,,,,,,,,,,,,
UAE,CLZ3N1,2025-06-20T16:23:31.407+00:00,Ticketed,,,,,,,,,,,,,,,,,
UAE,CLZ43Q,2025-06-20T16:25:42.348+00:00,Ticketed,,,,,,,,,,,,,,,,,
UAE,CLZ7H6,2025-06-20T16:40:35.897+00:00,Ticketed,,,,,,,,,,,,,,,,,
UAE,CLZDPH,2025-06-20T17:06:51.526+00:00,Ticketed,,,,,,,,,,,,,,,,,
UAE,CLZDSZ,2025-06-20T17:07:26.575+00:00,Ticketed,,,,,,,,,,,,,,,,,
UAE,CLZJQW,2025-06-20T17:28:54.600+00:00,Ticketed,,,,,,,,,,,,,,,,,
UAE,CLZKLY,2025-06-20T17:36:58.929+00:00,Ticketed,,,,,,,,,,,,,,,,,
UAE,CLZLRL,2025-06-20T17:41:02.628+00:00,Ticketed,,,,,,,,,,,,,,,,,
UAE,CLZTN5,2025-06-20T18:28:22.201+00:00,Ticketed,,,,,,,,,,,,,,,,,
UAE,CLYGWB,2025-06-20T18:42:53.924+00:00,Ticketed,,,,,,,,,,,,,,,,,
UAE,CLZW6W,2025-06-20T18:53:35.970+00:00,Ticketed,,,,,,,,,,,,,,,,,
UAE,CM0378,2025-06-20T19:31:39.892+00:00,Ticketed,,,,,,,,,,,,,,,,,
UAE,CLZWHG,2025-06-20T19:39:11.187+00:00,Ticketed,,,,,,,,,,,,,,,,,
UAE,CLZXS5,2025-06-20T19:56:18.012+00:00,Ticketed,,,,,,,,,,,,,,,,,
UAE,CM058N,2025-06-20T19:56:41.186+00:00,Ticketed,,,,,,,,,,,,,,,,,
UAE,CM06PG,2025-06-20T20:02:26.947+00:00,Ticketed,,,,,,,,,,,,,,,,,
UAE,CM0712,2025-06-20T20:05:26.224+00:00,Ticketed,,,,,,,,,,,,,,,,,
UAE,CM06VL,2025-06-20T20:08:37.899+00:00,Ticketed,,,,,,,,,,,,,,,,,
UAE,CM07MP,2025-06-20T20:11:24.446+00:00,Ticketed,,,,,,,,,,,,,,,,,
UAE,CM07T9,2025-06-20T20:13:13.685+00:00,Ticketed,,,,,,,,,,,,,,,,,
UAE,CLZTDG,2025-06-20T20:17:02.780+00:00,Ticketed,,,,,,,,,,,,,,,,,
UAE,CM0885,2025-06-20T20:17:55.696+00:00,Ticketed,,,,,,,,,,,,,,,,,
UAE,CM08D7,2025-06-20T20:17:01.747+00:00,Ticketed,,,,,,,,,,,,,,,,,
UAE,CM081C,2025-06-20T20:17:46.665+00:00,Ticketed,,,,,,,,,,,,,,,,,
UAE,CLZLK1,2025-06-20T17:39:41.237+00:00,Ticketed,,,,,,,,,,,,,,,,,
UAE,CM09L2,2025-06-20T20:31:24.106+00:00,Ticketed,,,,,,,,,,,,,,,,,
UAE,CLZN2H,2025-06-20T17:49:13.863+00:00,Ticketed,,,,,,,,,,,,,,,,,
UAE,CM0BDT,2025-06-20T20:38:05.014+00:00,Ticketed,,,,,,,,,,,,,,,,,
UAE,CLYKLN,2025-06-20T15:15:54.431+00:00,Ticketed,,,,,,,,,,,,,,,,,
UAE,CM0D03,2025-06-20T20:54:15.349+00:00,Ticketed,,,,,,,,,,,,,,,,,
UAE,CM0D4P,2025-06-20T20:55:29.406+00:00,Ticketed,,,,,,,,,,,,,,,,,
UAE,CM0G37,2025-06-20T21:12:52.793+00:00,Ticketed,,,,,,,,,,,,,,,,,
UAE,CLST8G,2025-06-20T07:02:09.550+00:00,Ticketed,,,,,,,,,,,,,,,,,
UAE,CM0GK1,2025-06-20T21:22:01.148+00:00,Ticketed,,,,,,,,,,,,,,,,,
UAE,CM0KP6,2025-06-20T21:53:38.124+00:00,Ticketed,,,,,,,,,,,,,,,,,
UAE,CM0M5J,2025-06-20T22:13:02.241+00:00,Ticketed,,,,,,,,,,,,,,,,,
UAE,CM0MCT,2025-06-20T22:15:50.948+00:00,Ticketed,,,,,,,,,,,,,,,,,
UAE,CM0MQ5,2025-06-20T22:22:09.092+00:00,Ticketed,,,,,,,,,,,,,,,,,
UAE,CKR75X,2025-06-20T22:53:19.906+00:00,Ticketed,,,,,,,,,,,,,,,,,
UAE,CM0PR6,2025-06-20T22:53:30.189+00:00,Ticketed,,,,,,,,,,,,,,,,,
UAE,CM0Q64,2025-06-20T22:55:24.744+00:00,Ticketed,,,,,,,,,,,,,,,,,
UAE,CM0RG5,2025-06-20T23:13:39.854+00:00,Ticketed,,,,,,,,,,,,,,,,,
UAE,CM0J4C,2025-06-20T23:54:10.226+00:00,Ticketed,,,,,,,,,,,,,,,,,
UAE,CM0JFS,2025-06-20T23:52:47.199+00:00,Ticketed,,,,,,,,,,,,,,,,,
UAE,CM0HJL,2025-06-20T23:55:35.045+00:00,Ticketed,,,,,,,,,,,,,,,,,
UAE,CLSJZK,2025-06-20T06:28:51.511+00:00,Ticketed,,,,,,,,,,,,,,,,,
UAE,CLQZ19,2025-06-20T00:20:47.556+00:00,Ticketed,,,,,,,,,,,,,,,,,
UAE,CLR0SP,2025-06-20T00:29:24.556+00:00,Ticketed,,,,,,,,,,,,,,,,,
UAE,CLR0T3,2025-06-20T00:29:31.746+00:00,Ticketed,,,,,,,,,,,,,,,,,
UAE,CLR1M5,2025-06-20T00:40:50.919+00:00,Ticketed,,,,,,,,,,,,,,,,,
UAE,CLR27C,2025-06-20T00:49:17.182+00:00,Ticketed,,,,,,,,,,,,,,,,,
UAE,CLR3C3,2025-06-20T01:04:26.491+00:00,Ticketed,,,,,,,,,,,,,,,,,
UAE,CLR3J9,2025-06-20T01:05:21.589+00:00,Ticketed,,,,,,,,,,,,,,,,,
UAE,CLR50J,2025-06-20T01:21:58.481+00:00,Ticketed,,,,,,,,,,,,,,,,,
UAE,CLR6NP,2025-06-20T01:39:22.816+00:00,Ticketed,,,,,,,,,,,,,,,,,
UAE,CLR7HT,2025-06-20T01:48:30.768+00:00,Ticketed,,,,,,,,,,,,,,,,,
UAE,CLR9XX,2025-06-20T03:00:11.908+00:00,Ticketed,,,,,,,,,,,,,,,,,
UAE,CLRHG1,2025-06-20T03:02:27.075+00:00,Ticketed,,,,,,,,,,,,,,,,,
UAE,CLRKCP,2025-06-20T03:10:48.528+00:00,Ticketed,,,,,,,,,,,,,,,,,
UAE,CLRNCN,2025-06-20T03:37:29.215+00:00,Ticketed,,,,,,,,,,,,,,,,,
UAE,CLRTFL,2025-06-20T04:18:46.371+00:00,Ticketed,,,,,,,,,,,,,,,,,
UAE,CLS1B3,2025-06-20T05:07:16.070+00:00,Ticketed,,,,,,,,,,,,,,,,,
UAE,CLS1KP,2025-06-20T05:08:55.106+00:00,Ticketed,,,,,,,,,,,,,,,,,
UAE,N1QNNF,2025-06-20T05:12:14.443+00:00,Ticketed,,,,,,,,,,,,,,,,,
UAE,CLS2XL,2025-06-20T05:16:44.498+00:00,Ticketed,,,,,,,,,,,,,,,,,
UAE,CLS3RG,2025-06-20T05:22:06.033+00:00,Ticketed,,,,,,,,,,,,,,,,,
UAE,CLRW52,2025-06-20T05:23:08.515+00:00,Ticketed,,,,,,,,,,,,,,,,,
UAE,CLS407,2025-06-20T05:23:34.685+00:00,Ticketed,,,,,,,,,,,,,,,,,
UAE,CLS546,2025-06-20T05:31:13.388+00:00,Ticketed,,,,,,,,,,,,,,,,,
UAE,CLS6K4,2025-06-20T05:37:44.494+00:00,Ticketed,,,,,,,,,,,,,,,,,
UAE,CLS7B6,2025-06-20T05:42:00.608+00:00,Ticketed,,,,,,,,,,,,,,,,,
UAE,Q1W6RV,2025-06-20T05:42:43.499+00:00,Ticketed,,,,,,,,,,,,,,,,,
UAE,CLS7J2,2025-06-20T05:43:03.312+00:00,Ticketed,,,,,,,,,,,,,,,,,
UAE,CLS7X1,2025-06-20T05:45:10.317+00:00,Ticketed,,,,,,,,,,,,,,,,,
UAE,CLRZXN,2025-06-20T05:54:53.294+00:00,Ticketed,,,,,,,,,,,,,,,,,
UAE,ZTS1NE,2025-06-20T05:59:51.499+00:00,Ticketed,,,,,,,,,,,,,,,,,
UAE,CLSCQ3,2025-06-20T06:04:11.248+00:00,Ticketed,,,,,,,,,,,,,,,,,
UAE,CLSDFK,2025-06-20T06:07:48.921+00:00,Ticketed,,,,,,,,,,,,,,,,,
UAE,CLSDDL,2025-06-20T06:07:37.488+00:00,Ticketed,,,,,,,,,,,,,,,,,
UAE,CLSG4H,2025-06-20T06:16:17.600+00:00,Ticketed,,,,,,,,,,,,,,,,,
UAE,CLSHM5,2025-06-20T06:22:52.643+00:00,Ticketed,,,,,,,,,,,,,,,,,
UAE,CLSHRY,2025-06-20T06:23:34.007+00:00,Ticketed,,,,,,,,,,,,,,,,,
UAE,CLSJ5C,2025-06-20T06:25:25.029+00:00,Ticketed,,,,,,,,,,,,,,,,,
UAE,CLSJNQ,2025-06-20T06:27:32.487+00:00,Ticketed,,,,,,,,,,,,,,,,,
UAE,CLSK1H,2025-06-20T06:29:02.870+00:00,Ticketed,,,,,,,,,,,,,,,,,
UAE,CLSJZV,2025-06-20T06:28:52.771+00:00,Ticketed,,,,,,,,,,,,,,,,,
UAE,CLSKV5,2025-06-20T06:32:42.532+00:00,Ticketed,,,,,,,,,,,,,,,,,
UAE,XTRKGR,2025-06-20T06:37:07.733+00:00,Ticketed,,,,,,,,,,,,,,,,,
UAE,CLSMH2,2025-06-20T06:39:36.495+00:00,Ticketed,,,,,,,,,,,,,,,,,
UAE,CLSN4P,2025-06-20T06:42:21.749+00:00,Ticketed,,,,,,,,,,,,,,,,,
UAE,OYM68U,2025-06-20T06:42:54.553+00:00,Ticketed,,,,,,,,,,,,,,,,,
UAE,CLSP8H,2025-06-20T06:46:48.071+00:00,Ticketed,,,,,,,,,,,,,,,,,
UAE,CLSQ90,2025-06-20T06:50:57.146+00:00,Ticketed,,,,,,,,,,,,,,,,,
UAE,CLSR42,2025-06-20T06:53:56.982+00:00,Ticketed,,,,,,,,,,,,,,,,,
UAE,CLSRNP,2025-06-20T06:55:54.235+00:00,Ticketed,,,,,,,,,,,,,,,,,
UAE,CLSSXF,2025-06-20T07:01:22.078+00:00,Ticketed,,,,,,,,,,,,,,,,,
UAE,CLSTYM,2025-06-20T07:04:50.662+00:00,Ticketed,,,,,,,,,,,,,,,,,
UAE,CLSWZ2,2025-06-20T07:12:20.080+00:00,Ticketed,,,,,,,,,,,,,,,,,
UAE,CLSXGZ,2025-06-20T07:14:21.171+00:00,Ticketed,,,,,,,,,,,,,,,,,
UAE,CLSY3G,2025-06-20T07:16:42.153+00:00,Ticketed,,,,,,,,,,,,,,,,,
UAE,CLSZ6B,2025-06-20T07:20:48.024+00:00,Ticketed,,,,,,,,,,,,,,,,,
UAE,CLT056,2025-06-20T07:24:30.383+00:00,Ticketed,,,,,,,,,,,,,,,,,
UAE,CLT0J9,2025-06-20T07:25:50.250+00:00,Ticketed,,,,,,,,,,,,,,,,,
UAE,CLT0ST,2025-06-20T07:26:52.255+00:00,Ticketed,,,,,,,,,,,,,,,,,
UAE,CLT1L4,2025-06-20T07:29:34.360+00:00,Ticketed,,,,,,,,,,,,,,,,,
UAE,CLT1TF,2025-06-20T07:30:20.856+00:00,Ticketed,,,,,,,,,,,,,,,,,
UAE,CLT21P,2025-06-20T07:31:09.389+00:00,Ticketed,,,,,,,,,,,,,,,,,
UAE,CLT2PY,2025-06-20T07:33:40.027+00:00,Ticketed,,,,,,,,,,,,,,,,,
UAE,CLT3FV,2025-06-20T07:36:18.328+00:00,Ticketed,,,,,,,,,,,,,,,,,
UAE,CLT3PC,2025-06-20T07:37:11.317+00:00,Ticketed,,,,,,,,,,,,,,,,,
UAE,CLT3PP,2025-06-20T07:37:13.696+00:00,Ticketed,,,,,,,,,,,,,,,,,
UAE,CLT46W,2025-06-20T07:39:06.412+00:00,Ticketed,,,,,,,,,,,,,,,,,
UAE,CLT50D,2025-06-20T07:41:56.737+00:00,Ticketed,,,,,,,,,,,,,,,,,
UAE,CLT5SY,2025-06-20T07:44:48.837+00:00,Ticketed,,,,,,,,,,,,,,,,,
UAE,CLT7W1,2025-06-20T07:52:14.423+00:00,Ticketed,,,,,,,,,,,,,,,,,
UAE,CLT87M,2025-06-20T07:53:27.649+00:00,Ticketed,,,,,,,,,,,,,,,,,
UAE,CLTB8Q,2025-06-20T08:00:25.131+00:00,Ticketed,,,,,,,,,,,,,,,,,
UAE,CLTBQR,2025-06-20T08:01:58.980+00:00,Ticketed,,,,,,,,,,,,,,,,,
UAE,CLTCT9,2025-06-20T08:05:45.203+00:00,Ticketed,,,,,,,,,,,,,,,,,
UAE,CLTFM7,2025-06-20T08:11:40.890+00:00,Ticketed,,,,,,,,,,,,,,,,,
UAE,CLTGQX,2025-06-20T08:15:18.573+00:00,Ticketed,,,,,,,,,,,,,,,,,
UAE,M6E35D,2025-06-20T08:17:37.208+00:00,Ticketed,,,,,,,,,,,,,,,,,
UAE,CLTJ1H,2025-06-20T08:20:07.016+00:00,Ticketed,,,,,,,,,,,,,,,,,
UAE,CLTK95,2025-06-20T08:24:11.788+00:00,Ticketed,,,,,,,,,,,,,,,,,
UAE,CLTL60,2025-06-20T08:27:03.323+00:00,Ticketed,,,,,,,,,,,,,,,,,
UAE,CLTL6Q,2025-06-20T08:27:08.451+00:00,Ticketed,,,,,,,,,,,,,,,,,
UAE,CLTLTF,2025-06-20T08:29:13.663+00:00,Ticketed,,,,,,,,,,,,,,,,,
UAE,CLTLZ2,2025-06-20T08:29:42.175+00:00,Ticketed,,,,,,,,,,,,,,,,,
UAE,CLTM6Y,2025-06-20T08:31:01.268+00:00,Ticketed,,,,,,,,,,,,,,,,,
UAE,CLTNKD,2025-06-20T08:34:48.247+00:00,Ticketed,,,,,,,,,,,,,,,,,
UAE,CLTNQZ,2025-06-20T08:35:18.067+00:00,Ticketed,,,,,,,,,,,,,,,,,
UAE,CLTNW9,2025-06-20T08:35:49.476+00:00,Ticketed,,,,,,,,,,,,,,,,,
UAE,CLTPCJ,2025-06-20T08:37:18.598+00:00,Ticketed,,,,,,,,,,,,,,,,,
UAE,CLTPFS,2025-06-20T08:37:32.733+00:00,Ticketed,,,,,,,,,,,,,,,,,
UAE,CLTQ8M,2025-06-20T08:40:43.610+00:00,Ticketed,,,,,,,,,,,,,,,,,
UAE,CLTSW5,2025-06-20T08:48:42.130+00:00,Ticketed,,,,,,,,,,,,,,,,,
UAE,CLTVND,2025-06-20T08:54:45.110+00:00,Ticketed,,,,,,,,,,,,,,,,,
UAE,CLTVTP,2025-06-20T08:54:49.903+00:00,Ticketed,,,,,,,,,,,,,,,,,
UAE,CLTX5Q,2025-06-20T08:59:14.845+00:00,Ticketed,,,,,,,,,,,,,,,,,
UAE,CLTYM8,2025-06-20T09:03:52.752+00:00,Ticketed,,,,,,,,,,,,,,,,,
UAE,CLV09X,2025-06-20T09:09:32.065+00:00,Ticketed,,,,,,,,,,,,,,,,,
UAE,CLV5P8,2025-06-20T09:26:14.266+00:00,Ticketed,,,,,,,,,,,,,,,,,
UAE,CLV6TB,2025-06-20T09:29:40.513+00:00,Ticketed,,,,,,,,,,,,,,,,,
UAE,CLVBYZ,2025-06-20T09:42:45.724+00:00,Ticketed,,,,,,,,,,,,,,,,,
UAE,N8F2SA,2025-06-20T10:11:26.353+00:00,Ticketed,,,,,,,,,,,,,,,,,
UAE,CLVQ26,2025-06-20T10:16:40.808+00:00,Ticketed,,,,,,,,,,,,,,,,,
UAE,CLVSWK,2025-06-20T10:25:42.140+00:00,Ticketed,,,,,,,,,,,,,,,,,
UAE,CLVTR3,2025-06-20T10:28:29.140+00:00,Ticketed,,,,,,,,,,,,,,,,,
UAE,CLVWQ4,2025-06-20T10:37:20.450+00:00,Ticketed,,,,,,,,,,,,,,,,,
UAE,CLW03C,2025-06-20T10:46:04.895+00:00,Ticketed,,,,,,,,,,,,,,,,,
UAE,CLW02D,2025-06-20T10:45:58.112+00:00,Ticketed,,,,,,,,,,,,,,,,,
UAE,CLW1GQ,2025-06-20T10:50:34.642+00:00,Ticketed,,,,,,,,,,,,,,,,,
UAE,CLVXJQ,2025-06-20T10:53:00.104+00:00,Ticketed,,,,,,,,,,,,,,,,,
UAE,CLW345,2025-06-20T10:55:45.591+00:00,Ticketed,,,,,,,,,,,,,,,,,
UAE,I4MZMZ,2025-06-20T10:58:28.006+00:00,Ticketed,,,,,,,,,,,,,,,,,
UAE,CLVZYC,2025-06-20T10:59:15.876+00:00,Ticketed,,,,,,,,,,,,,,,,,
UAE,CLW4SY,2025-06-20T11:01:11.809+00:00,Ticketed,,,,,,,,,,,,,,,,,
UAE,CLW5CC,2025-06-20T11:02:58.111+00:00,Ticketed,,,,,,,,,,,,,,,,,
UAE,CLW6CK,2025-06-20T11:06:27.144+00:00,Ticketed,,,,,,,,,,,,,,,,,
UAE,CLW78P,2025-06-20T11:09:20.970+00:00,Ticketed,,,,,,,,,,,,,,,,,
UAE,CLW7GR,2025-06-20T11:10:01.109+00:00,Ticketed,,,,,,,,,,,,,,,,,
UAE,U8VQKN,2025-06-20T11:28:46.904+00:00,Ticketed,,,,,,,,,,,,,,,,,
UAE,CLWF5K,2025-06-20T11:29:06.823+00:00,Ticketed,,,,,,,,,,,,,,,,,
UAE,CLXJJG,2025-06-20T13:25:39.270+00:00,Ticketed,,,,,,,,,,,,,,,,,
UAE,CLWGTZ,2025-06-20T11:34:47.292+00:00,Ticketed,,,,,,,,,,,,,,,,,
UAE,CLWHK6,2025-06-20T11:37:11.963+00:00,Ticketed,,,,,,,,,,,,,,,,,
UAE,CLWCS7,2025-06-20T11:37:36.146+00:00,Ticketed,,,,,,,,,,,,,,,,,
UAE,CLWJCR,2025-06-20T11:40:00.304+00:00,Ticketed,,,,,,,,,,,,,,,,,
UAE,CLWJGT,2025-06-20T11:40:22.969+00:00,Ticketed,,,,,,,,,,,,,,,,,
UAE,CLWKFZ,2025-06-20T11:43:42.818+00:00,Ticketed,,,,,,,,,,,,,,,,,
UAE,CLWLCR,2025-06-20T11:46:54.249+00:00,Ticketed,,,,,,,,,,,,,,,,,
UAE,CLWL0V,2025-06-20T11:50:02.944+00:00,Ticketed,,,,,,,,,,,,,,,,,
UAE,CLWMN3,2025-06-20T11:50:35.617+00:00,Ticketed,,,,,,,,,,,,,,,,,
UAE,AC54SR,2025-06-20T11:51:23.819+00:00,Ticketed,,,,,,,,,,,,,,,,,
UAE,CLWMYS,2025-06-20T11:51:30.384+00:00,Ticketed,,,,,,,,,,,,,,,,,
UAE,CLWKXV,2025-06-20T11:53:28.135+00:00,Ticketed,,,,,,,,,,,,,,,,,
UAE,N5DUVJ,2025-06-20T11:53:30.251+00:00,Ticketed,,,,,,,,,,,,,,,,,
UAE,CLWL75,2025-06-20T11:58:00.973+00:00,Ticketed,,,,,,,,,,,,,,,,,
UAE,CLWRML,2025-06-20T12:03:45.770+00:00,Ticketed,,,,,,,,,,,,,,,,,
UAE,CLWSKV,2025-06-20T12:07:11.463+00:00,Ticketed,,,,,,,,,,,,,,,,,
UAE,CLWTNZ,2025-06-20T12:10:49.557+00:00,Ticketed,,,,,,,,,,,,,,,,,
UAE,CLWV9Z,2025-06-20T12:13:10.290+00:00,Ticketed,,,,,,,,,,,,,,,,,
UAE,Z1LS5V,2025-06-20T12:13:18.862+00:00,Ticketed,,,,,,,,,,,,,,,,,
UAE,X17ZSY,2025-06-20T12:18:12.694+00:00,Ticketed,,,,,,,,,,,,,,,,,
UAE,I5RE5T,2025-06-20T12:18:11.786+00:00,Ticketed,,,,,,,,,,,,,,,,,
UAE,CLWX7Y,2025-06-20T12:20:05.203+00:00,Ticketed,,,,,,,,,,,,,,,,,
UAE,CLWX79,2025-06-20T12:20:00.784+00:00,Ticketed,,,,,,,,,,,,,,,,,
UAE,CLWXZ3,2025-06-20T12:22:33.572+00:00,Ticketed,,,,,,,,,,,,,,,,,
UAE,CLWYX3,2025-06-20T12:26:03.156+00:00,Ticketed,,,,,,,,,,,,,,,,,
UAE,CLX1SM,2025-06-20T12:36:00.674+00:00,Ticketed,,,,,,,,,,,,,,,,,
UAE,CLX1Z6,2025-06-20T12:36:35.232+00:00,Ticketed,,,,,,,,,,,,,,,,,
UAE,GCFIKB,2025-06-20T12:40:47.532+00:00,Ticketed,,,,,,,,,,,,,,,,,
UAE,CLX2HL,2025-06-20T12:41:15.634+00:00,Ticketed,,,,,,,,,,,,,,,,,
UAE,CLX22R,2025-06-20T12:43:29.195+00:00,Ticketed,,,,,,,,,,,,,,,,,
UAE,CLX4YV,2025-06-20T12:46:35.521+00:00,Ticketed,,,,,,,,,,,,,,,,,
UAE,CLX6MG,2025-06-20T12:52:07.204+00:00,Ticketed,,,,,,,,,,,,,,,,,
UAE,CLX73Y,2025-06-20T12:53:50.178+00:00,Ticketed,,,,,,,,,,,,,,,,,
UAE,CLX7F2,2025-06-20T12:54:52.380+00:00,Ticketed,,,,,,,,,,,,,,,,,
UAE,CLX90N,2025-06-20T13:00:23.346+00:00,Ticketed,,,,,,,,,,,,,,,,,
UAE,CLXB37,2025-06-20T13:04:15.053+00:00,Ticketed,,,,,,,,,,,,,,,,,
UAE,CLXB5P,2025-06-20T13:04:29.754+00:00,Ticketed,,,,,,,,,,,,,,,,,
UAE,CLXCWS,2025-06-20T13:10:08.604+00:00,Ticketed,,,,,,,,,,,,,,,,,
UAE,CLXDSW,2025-06-20T13:13:07.710+00:00,Ticketed,,,,,,,,,,,,,,,,,
UAE,CLXDZR,2025-06-20T13:13:45.727+00:00,Ticketed,,,,,,,,,,,,,,,,,
UAE,CLXF1X,2025-06-20T13:13:59.388+00:00,Ticketed,,,,,,,,,,,,,,,,,
UAE,CLXF9C,2025-06-20T13:14:51.064+00:00,Ticketed,,,,,,,,,,,,,,,,,
UAE,CLXF90,2025-06-20T13:14:48.850+00:00,Ticketed,,,,,,,,,,,,,,,,,
UAE,CLXFHF,2025-06-20T13:15:31.687+00:00,Ticketed,,,,,,,,,,,,,,,,,
UAE,CLXFWB,2025-06-20T13:16:50.333+00:00,Ticketed,,,,,,,,,,,,,,,,,
UAE,CLXFZB,2025-06-20T13:17:08.783+00:00,Ticketed,,,,,,,,,,,,,,,,,
UAE,CLXGRM,2025-06-20T13:19:38.102+00:00,Ticketed,,,,,,,,,,,,,,,,,
UAE,CLXHHP,2025-06-20T13:22:12.728+00:00,Ticketed,,,,,,,,,,,,,,,,,
UAE,CLXHHV,2025-06-20T13:22:13.120+00:00,Ticketed,,,,,,,,,,,,,,,,,
UAE,CLXHXF,2025-06-20T13:23:36.215+00:00,Ticketed,,,,,,,,,,,,,,,,,
UAE,CLY1CY,2025-06-20T14:18:45.073+00:00,Ticketed,,,,,,,,,,,,,,,,,
UAE,CLXJWT,2025-06-20T13:26:55.467+00:00,Ticketed,,,,,,,,,,,,,,,,,
UAE,CLXJRL,2025-06-20T13:29:20.369+00:00,Ticketed,,,,,,,,,,,,,,,,,
UAE,CLXK6R,2025-06-20T13:32:19.673+00:00,Ticketed,,,,,,,,,,,,,,,,,
UAE,CLXMLB,2025-06-20T13:35:48.839+00:00,Ticketed,,,,,,,,,,,,,,,,,
UAE,CLXN39,2025-06-20T13:37:34.528+00:00,Ticketed,,,,,,,,,,,,,,,,,
UAE,CLXN46,2025-06-20T13:37:40.531+00:00,Ticketed,,,,,,,,,,,,,,,,,
UAE,CLXN9F,2025-06-20T13:38:15.162+00:00,Ticketed,,,,,,,,,,,,,,,,,
UAE,CLXN91,2025-06-20T13:38:58.050+00:00,Ticketed,,,,,,,,,,,,,,,,,
UAE,CLXNJJ,2025-06-20T13:39:02.331+00:00,Ticketed,,,,,,,,,,,,,,,,,
UAE,CLXNZL,2025-06-20T13:40:30.051+00:00,Ticketed,,,,,,,,,,,,,,,,,
UAE,B971QK,2025-06-20T13:42:11.622+00:00,Ticketed,,,,,,,,,,,,,,,,,
UAE,CLXPSH,2025-06-20T13:43:06.113+00:00,Ticketed,,,,,,,,,,,,,,,,,
UAE,CLXCK2,2025-06-20T13:44:17.030+00:00,Ticketed,,,,,,,,,,,,,,,,,
UAE,A6VQ8A,2025-06-20T13:44:40.885+00:00,Ticketed,,,,,,,,,,,,,,,,,
UAE,CLXR1Y,2025-06-20T13:47:38.964+00:00,Ticketed,,,,,,,,,,,,,,,,,
UAE,CLXR3Z,2025-06-20T13:47:52.686+00:00,Ticketed,,,,,,,,,,,,,,,,,
UAE,CLXR5X,2025-06-20T13:48:06.339+00:00,Ticketed,,,,,,,,,,,,,,,,,
UAE,CLXRKR,2025-06-20T13:49:26.247+00:00,Ticketed,,,,,,,,,,,,,,,,,
UAE,CLXRK2,2025-06-20T13:49:22.065+00:00,Ticketed,,,,,,,,,,,,,,,,,
UAE,CLXRQJ,2025-06-20T13:49:56.129+00:00,Ticketed,,,,,,,,,,,,,,,,,
UAE,CLXRTH,2025-06-20T13:50:13.401+00:00,Ticketed,,,,,,,,,,,,,,,,,
UAE,CLXRXJ,2025-06-20T13:50:28.761+00:00,Ticketed,,,,,,,,,,,,,,,,,
UAE,CLXS7Q,2025-06-20T13:51:33.669+00:00,Ticketed,,,,,,,,,,,,,,,,,
UAE,A7B9UQ,2025-06-20T13:52:36.173+00:00,Ticketed,,,,,,,,,,,,,,,,,
UAE,CLXDV8,2025-06-20T13:54:35.901+00:00,Ticketed,,,,,,,,,,,,,,,,,
UAE,CLXTQT,2025-06-20T13:56:16.959+00:00,Ticketed,,,,,,,,,,,,,,,,,
UAE,CLXTXP,2025-06-20T13:57:00.315+00:00,Ticketed,,,,,,,,,,,,,,,,,
UAE,CLXVDK,2025-06-20T13:58:30.552+00:00,Ticketed,,,,,,,,,,,,,,,,,
UAE,CLXVZD,2025-06-20T14:00:19.553+00:00,Ticketed,,,,,,,,,,,,,,,,,
UAE,CLXW56,2025-06-20T14:00:58.217+00:00,Ticketed,,,,,,,,,,,,,,,,,
UAE,CLXJ3L,2025-06-20T14:01:11.255+00:00,Ticketed,,,,,,,,,,,,,,,,,
UAE,CLXWDF,2025-06-20T14:01:44.508+00:00,Ticketed,,,,,,,,,,,,,,,,,
UAE,CLXWSK,2025-06-20T14:03:06.935+00:00,Ticketed,,,,,,,,,,,,,,,,,
UAE,CLXWXG,2025-06-20T14:03:29.475+00:00,Ticketed,,,,,,,,,,,,,,,,,
UAE,CLXXYK,2025-06-20T14:06:58.215+00:00,Ticketed,,,,,,,,,,,,,,,,,
UAE,CLXY1S,2025-06-20T14:07:16.029+00:00,Ticketed,,,,,,,,,,,,,,,,,
UAE,CLXY2X,2025-06-20T14:07:23.525+00:00,Ticketed,,,,,,,,,,,,,,,,,
UAE,CLXY9F,2025-06-20T14:08:09.756+00:00,Ticketed,,,,,,,,,,,,,,,,,
UAE,CLXZ13,2025-06-20T14:10:38.974+00:00,Ticketed,,,,,,,,,,,,,,,,,
UAE,CLXZ6F,2025-06-20T14:11:14.853+00:00,Ticketed,,,,,,,,,,,,,,,,,
UAE,CLXZKS,2025-06-20T14:12:28.553+00:00,Ticketed,,,,,,,,,,,,,,,,,
UAE,CLXXGL,2025-06-20T14:12:54.633+00:00,Ticketed,,,,,,,,,,,,,,,,,
UAE,CLXZWG,2025-06-20T14:13:33.085+00:00,Ticketed,,,,,,,,,,,,,,,,,
UAE,CLY02Q,2025-06-20T14:14:16.599+00:00,Ticketed,,,,,,,,,,,,,,,,,
UAE,CLY0MX,2025-06-20T14:16:18.155+00:00,Ticketed,,,,,,,,,,,,,,,,,
UAE,CLY0ZS,2025-06-20T14:17:24.833+00:00,Ticketed,,,,,,,,,,,,,,,,,
UAE,CLY1B7,2025-06-20T14:18:34.877+00:00,Ticketed,,,,,,,,,,,,,,,,,
UAE,M27I6C,2025-06-20T14:18:36.867+00:00,Ticketed,,,,,,,,,,,,,,,,,
UAE,CLYFRV,2025-06-20T15:02:14.228+00:00,Ticketed,,,,,,,,,,,,,,,,,
UAE,CLY1NY,2025-06-20T14:19:46.840+00:00,Ticketed,,,,,,,,,,,,,,,,,
UAE,Z19MSY,2025-06-20T14:20:05.611+00:00,Ticketed,,,,,,,,,,,,,,,,,
UAE,CLY212,2025-06-20T14:21:05.352+00:00,Ticketed,,,,,,,,,,,,,,,,,
UAE,CLY2K2,2025-06-20T14:22:48.339+00:00,Ticketed,,,,,,,,,,,,,,,,,
UAE,CLY35Q,2025-06-20T14:24:58.096+00:00,Ticketed,,,,,,,,,,,,,,,,,
UAE,QBFBVH,2025-06-20T14:25:23.807+00:00,Ticketed,,,,,,,,,,,,,,,,,
UAE,CLY382,2025-06-20T14:25:14.835+00:00,Ticketed,,,,,,,,,,,,,,,,,
UAE,CLY3C5,2025-06-20T14:25:32.872+00:00,Ticketed,,,,,,,,,,,,,,,,,
UAE,CLY3CT,2025-06-20T14:25:36.520+00:00,Ticketed,,,,,,,,,,,,,,,,,
UAE,CLY3S8,2025-06-20T14:27:02.537+00:00,Ticketed,,,,,,,,,,,,,,,,,
UAE,CLY4TS,2025-06-20T14:30:39.047+00:00,Ticketed,,,,,,,,,,,,,,,,,
UAE,CLY4XL,2025-06-20T14:30:54.762+00:00,Ticketed,,,,,,,,,,,,,,,,,
UAE,CLY556,2025-06-20T14:31:41.096+00:00,Ticketed,,,,,,,,,,,,,,,,,
UAE,D14IXV,2025-06-20T14:32:19.451+00:00,Ticketed,,,,,,,,,,,,,,,,,
UAE,CLY5FV,2025-06-20T14:32:37.104+00:00,Ticketed,,,,,,,,,,,,,,,,,
UAE,CLY5HD,2025-06-20T14:32:46.428+00:00,Ticketed,,,,,,,,,,,,,,,,,
UAE,CLY5S2,2025-06-20T14:33:41.095+00:00,Ticketed,,,,,,,,,,,,,,,,,
UAE,CLY5Y4,2025-06-20T14:34:15.461+00:00,Ticketed,,,,,,,,,,,,,,,,,
UAE,CLY5XC,2025-06-20T14:34:09.064+00:00,Ticketed,,,,,,,,,,,,,,,,,
UAE,CLY5ZR,2025-06-20T14:34:25.822+00:00,Ticketed,,,,,,,,,,,,,,,,,
UAE,CLY636,2025-06-20T14:34:55.093+00:00,Ticketed,,,,,,,,,,,,,,,,,
UAE,CLY6CN,2025-06-20T14:35:56.205+00:00,Ticketed,,,,,,,,,,,,,,,,,
UAE,CLY6QL,2025-06-20T14:37:09.488+00:00,Ticketed,,,,,,,,,,,,,,,,,
UAE,UB69XX,2025-06-20T14:38:29.162+00:00,Ticketed,,,,,,,,,,,,,,,,,
UAE,CLY788,2025-06-20T14:39:06.897+00:00,Ticketed,,,,,,,,,,,,,,,,,
UAE,CLY7K5,2025-06-20T14:40:01.432+00:00,Ticketed,,,,,,,,,,,,,,,,,
UAE,CLY7NN,2025-06-20T14:40:26.075+00:00,Ticketed,,,,,,,,,,,,,,,,,
UAE,CLY7XB,2025-06-20T14:41:26.409+00:00,Ticketed,,,,,,,,,,,,,,,,,
UAE,I7CE4A,2025-06-20T14:41:44.102+00:00,Ticketed,,,,,,,,,,,,,,,,,
UAE,CLY838,2025-06-20T14:41:59.179+00:00,Ticketed,,,,,,,,,,,,,,,,,
UAE,CLY83R,2025-06-20T14:42:03.812+00:00,Ticketed,,,,,,,,,,,,,,,,,
UAE,CLY83P,2025-06-20T14:42:02.859+00:00,Ticketed,,,,,,,,,,,,,,,,,
UAE,CLY896,2025-06-20T14:42:46.438+00:00,Ticketed,,,,,,,,,,,,,,,,,
UAE,CLY8JX,2025-06-20T14:43:33.430+00:00,Ticketed,,,,,,,,,,,,,,,,,
UAE,CLY8RK,2025-06-20T14:44:17.552+00:00,Ticketed,,,,,,,,,,,,,,,,,
UAE,CLY8Z1,2025-06-20T14:44:59.642+00:00,Ticketed,,,,,,,,,,,,,,,,,
UAE,CLY90W,2025-06-20T14:45:12.562+00:00,Ticketed,,,,,,,,,,,,,,,,,
UAE,CLY91J,2025-06-20T14:45:16.279+00:00,Ticketed,,,,,,,,,,,,,,,,,
UAE,CLY941,2025-06-20T14:45:34.740+00:00,Ticketed,,,,,,,,,,,,,,,,,
UAE,CLY97M,2025-06-20T14:46:03.011+00:00,Ticketed,,,,,,,,,,,,,,,,,
UAE,CLY9K3,2025-06-20T14:47:00.187+00:00,Ticketed,,,,,,,,,,,,,,,,,
UAE,CLY9T2,2025-06-20T14:47:53.351+00:00,Ticketed,,,,,,,,,,,,,,,,,
UAE,CLY9WP,2025-06-20T14:48:10.684+00:00,Ticketed,,,,,,,,,,,,,,,,,
UAE,CLYB41,2025-06-20T14:49:02.802+00:00,Ticketed,,,,,,,,,,,,,,,,,
UAE,NZGBSY,2025-06-20T14:49:43.307+00:00,Ticketed,,,,,,,,,,,,,,,,,
UAE,CLYBBZ,2025-06-20T14:49:52.795+00:00,Ticketed,,,,,,,,,,,,,,,,,
UAE,CLYBLP,2025-06-20T14:50:51.864+00:00,Ticketed,,,,,,,,,,,,,,,,,
UAE,CLYBPM,2025-06-20T14:51:15.978+00:00,Ticketed,,,,,,,,,,,,,,,,,
UAE,CLYCF6,2025-06-20T14:53:54.620+00:00,Ticketed,,,,,,,,,,,,,,,,,
UAE,CLYCHD,2025-06-20T14:54:10.010+00:00,Ticketed,,,,,,,,,,,,,,,,,
UAE,CLYCVJ,2025-06-20T14:55:27.127+00:00,Ticketed,,,,,,,,,,,,,,,,,
UAE,CLYCS0,2025-06-20T14:55:10.337+00:00,Ticketed,,,,,,,,,,,,,,,,,
UAE,CLYD4M,2025-06-20T14:56:25.765+00:00,Ticketed,,,,,,,,,,,,,,,,,
UAE,CLYDCQ,2025-06-20T14:57:06.431+00:00,Ticketed,,,,,,,,,,,,,,,,,
UAE,CLYDNY,2025-06-20T14:58:10.719+00:00,Ticketed,,,,,,,,,,,,,,,,,
UAE,CLYDQN,2025-06-20T14:58:20.781+00:00,Ticketed,,,,,,,,,,,,,,,,,
UAE,CLYDSY,2025-06-20T14:58:35.425+00:00,Ticketed,,,,,,,,,,,,,,,,,
UAE,CLYF1L,2025-06-20T14:59:24.902+00:00,Ticketed,,,,,,,,,,,,,,,,,
UAE,CLYF0B,2025-06-20T14:59:17.097+00:00,Ticketed,,,,,,,,,,,,,,,,,
UAE,CLYFDS,2025-06-20T15:00:59.059+00:00,Ticketed,,,,,,,,,,,,,,,,,
UAE,CLYFLM,2025-06-20T15:01:36.636+00:00,Ticketed,,,,,,,,,,,,,,,,,
UAE,CLYFLG,2025-06-20T15:01:35.034+00:00,Ticketed,,,,,,,,,,,,,,,,,
UAE,CLYWGW,2025-06-20T15:53:44.468+00:00,Ticketed,,,,,,,,,,,,,,,,,
UAE,K41ITM,2025-06-20T15:03:10.382+00:00,Ticketed,,,,,,,,,,,,,,,,,
UAE,CLYG6L,2025-06-20T15:03:49.982+00:00,Ticketed,,,,,,,,,,,,,,,,,
UAE,CLYGHX,2025-06-20T15:04:47.285+00:00,Ticketed,,,,,,,,,,,,,,,,,
UAE,CLYGJM,2025-06-20T15:04:52.613+00:00,Ticketed,,,,,,,,,,,,,,,,,
UAE,CLYGQX,2025-06-20T15:05:34.621+00:00,Ticketed,,,,,,,,,,,,,,,,,
UAE,J2YVGC,2025-06-20T15:07:35.004+00:00,Ticketed,,,,,,,,,,,,,,,,,
UAE,CLYHDF,2025-06-20T15:08:00.130+00:00,Ticketed,,,,,,,,,,,,,,,,,
UAE,CLYHJQ,2025-06-20T15:08:32.783+00:00,Ticketed,,,,,,,,,,,,,,,,,
UAE,CLYHN4,2025-06-20T15:08:51.464+00:00,Ticketed,,,,,,,,,,,,,,,,,
UAE,CLYHNC,2025-06-20T15:08:52.493+00:00,Ticketed,,,,,,,,,,,,,,,,,
UAE,CLYHLV,2025-06-20T15:08:44.230+00:00,Ticketed,,,,,,,,,,,,,,,,,
UAE,CLYHLT,2025-06-20T15:08:44.222+00:00,Ticketed,,,,,,,,,,,,,,,,,
UAE,CLW946,2025-06-20T15:09:33.467+00:00,Ticketed,,,,,,,,,,,,,,,,,
UAE,CLW8TH,2025-06-20T15:10:40.994+00:00,Ticketed,,,,,,,,,,,,,,,,,
UAE,CLYJDG,2025-06-20T15:11:33.261+00:00,Ticketed,,,,,,,,,,,,,,,,,
UAE,CLYJRP,2025-06-20T15:12:54.354+00:00,Ticketed,,,,,,,,,,,,,,,,,
UAE,CLYJSZ,2025-06-20T15:13:02.348+00:00,Ticketed,,,,,,,,,,,,,,,,,
UAE,CLYJY7,2025-06-20T15:13:33.805+00:00,Ticketed,,,,,,,,,,,,,,,,,
UAE,CLYK1S,2025-06-20T15:13:58.522+00:00,Ticketed,,,,,,,,,,,,,,,,,
UAE,CLYKGP,2025-06-20T15:15:26.403+00:00,Ticketed,,,,,,,,,,,,,,,,,
UAE,HY3EKX,2025-06-20T15:16:43.182+00:00,Ticketed,,,,,,,,,,,,,,,,,
UAE,CLYKST,2025-06-20T15:16:37.823+00:00,Ticketed,,,,,,,,,,,,,,,,,
UAE,CLYLP4,2025-06-20T15:20:01.720+00:00,Ticketed,,,,,,,,,,,,,,,,,
UAE,CLYLSX,2025-06-20T15:20:26.465+00:00,Ticketed,,,,,,,,,,,,,,,,,
UAE,CLYM3Q,2025-06-20T15:21:38.985+00:00,Ticketed,,,,,,,,,,,,,,,,,
UAE,CLYM47,2025-06-20T15:21:44.313+00:00,Ticketed,,,,,,,,,,,,,,,,,
UAE,CLYM51,2025-06-20T15:21:50.243+00:00,Ticketed,,,,,,,,,,,,,,,,,
UAE,CLYMDJ,2025-06-20T15:22:40.658+00:00,Ticketed,,,,,,,,,,,,,,,,,
UAE,CLYMCZ,2025-06-20T15:22:36.804+00:00,Ticketed,,,,,,,,,,,,,,,,,
UAE,CLYMFM,2025-06-20T15:22:51.235+00:00,Ticketed,,,,,,,,,,,,,,,,,
UAE,CLYNBP,2025-06-20T15:26:15.275+00:00,Ticketed,,,,,,,,,,,,,,,,,
UAE,CLYNKL,2025-06-20T15:27:05.588+00:00,Ticketed,,,,,,,,,,,,,,,,,
UAE,CLYNWR,2025-06-20T15:28:18.227+00:00,Ticketed,,,,,,,,,,,,,,,,,
UAE,CLYNYP,2025-06-20T15:28:31.262+00:00,Ticketed,,,,,,,,,,,,,,,,,
UAE,X48BQP,2025-06-20T15:29:05.411+00:00,Ticketed,,,,,,,,,,,,,,,,,
UAE,CLYPFM,2025-06-20T15:30:17.300+00:00,Ticketed,,,,,,,,,,,,,,,,,
UAE,CLYP0Z,2025-06-20T15:31:12.567+00:00,Ticketed,,,,,,,,,,,,,,,,,
UAE,CLYQ6X,2025-06-20T15:33:08.624+00:00,Ticketed,,,,,,,,,,,,,,,,,
UAE,CLYQ7T,2025-06-20T15:33:14.704+00:00,Ticketed,,,,,,,,,,,,,,,,,
UAE,CLYQML,2025-06-20T15:34:41.066+00:00,Ticketed,,,,,,,,,,,,,,,,,
UAE,CLYQT3,2025-06-20T15:35:19.581+00:00,Ticketed,,,,,,,,,,,,,,,,,
UAE,CLYQZ6,2025-06-20T15:35:51.320+00:00,Ticketed,,,,,,,,,,,,,,,,,
UAE,CLYR6J,2025-06-20T15:36:48.774+00:00,Ticketed,,,,,,,,,,,,,,,,,
UAE,CLYRDJ,2025-06-20T15:38:13.553+00:00,Ticketed,,,,,,,,,,,,,,,,,
UAE,CLYRJW,2025-06-20T15:38:07.950+00:00,Ticketed,,,,,,,,,,,,,,,,,
UAE,CLYRMS,2025-06-20T15:38:29.636+00:00,Ticketed,,,,,,,,,,,,,,,,,
UAE,CLYSNX,2025-06-20T15:42:32.215+00:00,Ticketed,,,,,,,,,,,,,,,,,
UAE,CLYSTW,2025-06-20T15:43:13.366+00:00,Ticketed,,,,,,,,,,,,,,,,,
UAE,CLYSWP,2025-06-20T15:43:28.771+00:00,Ticketed,,,,,,,,,,,,,,,,,
UAE,CLYSX5,2025-06-20T15:43:32.997+00:00,Ticketed,,,,,,,,,,,,,,,,,
UAE,NTJYXR,2025-06-20T15:45:12.789+00:00,Ticketed,,,,,,,,,,,,,,,,,
UAE,UYF43H,2025-06-20T15:45:59.686+00:00,Ticketed,,,,,,,,,,,,,,,,,
UAE,CLYTZL,2025-06-20T15:47:55.226+00:00,Ticketed,,,,,,,,,,,,,,,,,
UAE,CLYVGY,2025-06-20T15:49:56.740+00:00,Ticketed,,,,,,,,,,,,,,,,,
UAE,CLYVXS,2025-06-20T15:51:34.400+00:00,Ticketed,,,,,,,,,,,,,,,,,
UAE,CLYVZN,2025-06-20T15:51:48.975+00:00,Ticketed,,,,,,,,,,,,,,,,,
UAE,CLYW9C,2025-06-20T15:53:01.032+00:00,Ticketed,,,,,,,,,,,,,,,,,
UAE,CLZ8Y6,2025-06-20T16:47:40.989+00:00,Ticketed,,,,,,,,,,,,,,,,,
UAE,CLYX41,2025-06-20T15:56:20.031+00:00,Ticketed,,,,,,,,,,,,,,,,,
UAE,CLYX2W,2025-06-20T15:56:11.804+00:00,Ticketed,,,,,,,,,,,,,,,,,
UAE,CLYX2S,2025-06-20T15:56:11.660+00:00,Ticketed,,,,,,,,,,,,,,,,,
UAE,CLYXDC,2025-06-20T15:57:22.091+00:00,Ticketed,,,,,,,,,,,,,,,,,
UAE,C6R98A,2025-06-20T15:57:25.330+00:00,Ticketed,,,,,,,,,,,,,,,,,
UAE,CLYWM9,2025-06-20T15:57:32.519+00:00,Ticketed,,,,,,,,,,,,,,,,,
UAE,CLYXWP,2025-06-20T15:59:27.096+00:00,Ticketed,,,,,,,,,,,,,,,,,
UAE,WC7S2R,2025-06-20T15:59:39.629+00:00,Ticketed,,,,,,,,,,,,,,,,,
UAE,CLYY55,2025-06-20T16:00:28.835+00:00,Ticketed,,,,,,,,,,,,,,,,,
UAE,CLYY82,2025-06-20T16:00:50.782+00:00,Ticketed,,,,,,,,,,,,,,,,,
UAE,CLYY9Y,2025-06-20T16:01:05.706+00:00,Ticketed,,,,,,,,,,,,,,,,,
UAE,CLYYFT,2025-06-20T16:01:33.537+00:00,Ticketed,,,,,,,,,,,,,,,,,
UAE,CLYYM9,2025-06-20T16:02:23.776+00:00,Ticketed,,,,,,,,,,,,,,,,,
UAE,CLYZKP,2025-06-20T16:06:10.876+00:00,Ticketed,,,,,,,,,,,,,,,,,
UAE,CLZ024,2025-06-20T16:08:16.589+00:00,Ticketed,,,,,,,,,,,,,,,,,
UAE,CLYZGF,2025-06-20T16:08:43.211+00:00,Ticketed,,,,,,,,,,,,,,,,,
UAE,CLZ067,2025-06-20T16:09:57.465+00:00,Ticketed,,,,,,,,,,,,,,,,,
UAE,CLZ112,2025-06-20T16:12:17.730+00:00,Ticketed,,,,,,,,,,,,,,,,,
UAE,CLZ17H,2025-06-20T16:13:08.329+00:00,Ticketed,,,,,,,,,,,,,,,,,
UAE,CLZ1LZ,2025-06-20T16:14:39.473+00:00,Ticketed,,,,,,,,,,,,,,,,,
UAE,CLZ1VR,2025-06-20T16:15:44.631+00:00,Ticketed,,,,,,,,,,,,,,,,,
UAE,CLZ1ZB,2025-06-20T16:16:08.172+00:00,Ticketed,,,,,,,,,,,,,,,,,
UAE,CLZ2G6,2025-06-20T16:18:06.995+00:00,Ticketed,,,,,,,,,,,,,,,,,
UAE,CLZ2ND,2025-06-20T16:19:00.649+00:00,Ticketed,,,,,,,,,,,,,,,,,
UAE,CLZ2P1,2025-06-20T16:19:10.455+00:00,Ticketed,,,,,,,,,,,,,,,,,
UAE,CLZ2YK,2025-06-20T16:20:20.654+00:00,Ticketed,,,,,,,,,,,,,,,,,
UAE,CLZ356,2025-06-20T16:21:16.371+00:00,Ticketed,,,,,,,,,,,,,,,,,
UAE,CLZ380,2025-06-20T16:21:43.819+00:00,Ticketed,,,,,,,,,,,,,,,,,
UAE,CLZ3R7,2025-06-20T16:23:55.895+00:00,Ticketed,,,,,,,,,,,,,,,,,
UAE,CLZ3YK,2025-06-20T16:24:55.555+00:00,Ticketed,,,,,,,,,,,,,,,,,
UAE,CLZ410,2025-06-20T16:25:19.625+00:00,Ticketed,,,,,,,,,,,,,,,,,
UAE,SYQ7PX,2025-06-20T16:25:20.738+00:00,Ticketed,,,,,,,,,,,,,,,,,
UAE,CLZ4CR,2025-06-20T16:26:50.018+00:00,Ticketed,,,,,,,,,,,,,,,,,
UAE,CLZ4BN,2025-06-20T16:26:38.831+00:00,Ticketed,,,,,,,,,,,,,,,,,
UAE,CLZ4LT,2025-06-20T16:27:51.598+00:00,Ticketed,,,,,,,,,,,,,,,,,
UAE,CLZ4KS,2025-06-20T16:27:41.626+00:00,Ticketed,,,,,,,,,,,,,,,,,
UAE,CLZ4KV,2025-06-20T16:27:42.036+00:00,Ticketed,,,,,,,,,,,,,,,,,
UAE,CLZ4KZ,2025-06-20T16:27:42.976+00:00,Ticketed,,,,,,,,,,,,,,,,,
UAE,CLZ529,2025-06-20T16:29:49.355+00:00,Ticketed,,,,,,,,,,,,,,,,,
UAE,CLZ57W,2025-06-20T16:30:37.113+00:00,Ticketed,,,,,,,,,,,,,,,,,
UAE,CLZ5D3,2025-06-20T16:31:12.146+00:00,Ticketed,,,,,,,,,,,,,,,,,
UAE,CLZ5K0,2025-06-20T16:31:53.228+00:00,Ticketed,,,,,,,,,,,,,,,,,
UAE,CLZ5PP,2025-06-20T16:32:33.254+00:00,Ticketed,,,,,,,,,,,,,,,,,
UAE,CLZ5RV,2025-06-20T16:32:55.398+00:00,Ticketed,,,,,,,,,,,,,,,,,
UAE,CLZ5XY,2025-06-20T16:33:39.538+00:00,Ticketed,,,,,,,,,,,,,,,,,
UAE,CLZ6H8,2025-06-20T16:36:05.750+00:00,Ticketed,,,,,,,,,,,,,,,,,
UAE,CLZ6Q0,2025-06-20T16:37:06.571+00:00,Ticketed,,,,,,,,,,,,,,,,,
UAE,CLZ6Q7,2025-06-20T16:37:07.352+00:00,Ticketed,,,,,,,,,,,,,,,,,
UAE,CLZ6R8,2025-06-20T16:37:17.491+00:00,Ticketed,,,,,,,,,,,,,,,,,
UAE,CLZ6Z3,2025-06-20T16:38:13.898+00:00,Ticketed,,,,,,,,,,,,,,,,,
UAE,CLZ71T,2025-06-20T16:38:39.124+00:00,Ticketed,,,,,,,,,,,,,,,,,
UAE,O243YF,2025-06-20T16:39:23.454+00:00,Ticketed,,,,,,,,,,,,,,,,,
UAE,CLZ7K8,2025-06-20T16:41:01.256+00:00,Ticketed,,,,,,,,,,,,,,,,,
UAE,CLZ7KV,2025-06-20T16:41:05.560+00:00,Ticketed,,,,,,,,,,,,,,,,,
UAE,CLZ82W,2025-06-20T16:43:47.156+00:00,Ticketed,,,,,,,,,,,,,,,,,
UAE,CLZ8C4,2025-06-20T16:45:00.328+00:00,Ticketed,,,,,,,,,,,,,,,,,
UAE,CLZ8L8,2025-06-20T16:46:01.500+00:00,Ticketed,,,,,,,,,,,,,,,,,
UAE,CLZ8N6,2025-06-20T16:46:18.910+00:00,Ticketed,,,,,,,,,,,,,,,,,
UAE,CLZ8Q8,2025-06-20T16:46:37.027+00:00,Ticketed,,,,,,,,,,,,,,,,,
UAE,CLZ8S5,2025-06-20T16:46:54.708+00:00,Ticketed,,,,,,,,,,,,,,,,,
UAE,CLZL03,2025-06-20T17:39:24.545+00:00,Ticketed,,,,,,,,,,,,,,,,,
UAE,CLZ935,2025-06-20T16:48:31.451+00:00,Ticketed,,,,,,,,,,,,,,,,,
UAE,CLZ95F,2025-06-20T16:48:50.050+00:00,Ticketed,,,,,,,,,,,,,,,,,
UAE,CLZ992,2025-06-20T16:49:21.371+00:00,Ticketed,,,,,,,,,,,,,,,,,
UAE,CLZ9B2,2025-06-20T16:49:30.470+00:00,Ticketed,,,,,,,,,,,,,,,,,
UAE,CLZ9JR,2025-06-20T16:50:35.674+00:00,Ticketed,,,,,,,,,,,,,,,,,
UAE,CLZ9LQ,2025-06-20T16:50:56.454+00:00,Ticketed,,,,,,,,,,,,,,,,,
UAE,CLZ9W2,2025-06-20T16:52:10.653+00:00,Ticketed,,,,,,,,,,,,,,,,,
UAE,CLZ9VF,2025-06-20T16:52:04.314+00:00,Ticketed,,,,,,,,,,,,,,,,,
UAE,CLZ9WD,2025-06-20T16:52:13.603+00:00,Ticketed,,,,,,,,,,,,,,,,,
UAE,CLZB67,2025-06-20T16:53:49.375+00:00,Ticketed,,,,,,,,,,,,,,,,,
UAE,CLZB9S,2025-06-20T16:54:26.521+00:00,Ticketed,,,,,,,,,,,,,,,,,
UAE,CLZBRJ,2025-06-20T16:56:35.784+00:00,Ticketed,,,,,,,,,,,,,,,,,
UAE,CLZBYF,2025-06-20T16:57:35.304+00:00,Ticketed,,,,,,,,,,,,,,,,,
UAE,CLZC5Z,2025-06-20T16:58:49.635+00:00,Ticketed,,,,,,,,,,,,,,,,,
UAE,CLZCGB,2025-06-20T17:00:17.214+00:00,Ticketed,,,,,,,,,,,,,,,,,
UAE,CLZCLF,2025-06-20T17:01:00.626+00:00,Ticketed,,,,,,,,,,,,,,,,,
UAE,X8EW4N,2025-06-20T17:04:20.746+00:00,Ticketed,,,,,,,,,,,,,,,,,
UAE,CLZDC1,2025-06-20T17:05:11.075+00:00,Ticketed,,,,,,,,,,,,,,,,,
UAE,CLZDDG,2025-06-20T17:05:21.704+00:00,Ticketed,,,,,,,,,,,,,,,,,
UAE,CLZDLD,2025-06-20T17:06:17.918+00:00,Ticketed,,,,,,,,,,,,,,,,,
UAE,CLZDVY,2025-06-20T17:07:43.883+00:00,Ticketed,,,,,,,,,,,,,,,,,
UAE,CLZF49,2025-06-20T17:09:07.194+00:00,Ticketed,,,,,,,,,,,,,,,,,
UAE,CLZF3L,2025-06-20T17:09:01.958+00:00,Ticketed,,,,,,,,,,,,,,,,,
UAE,CLZFLS,2025-06-20T17:11:16.565+00:00,Ticketed,,,,,,,,,,,,,,,,,
UAE,CLZFQK,2025-06-20T17:12:00.089+00:00,Ticketed,,,,,,,,,,,,,,,,,
UAE,ZCCM9R,2025-06-20T17:12:23.570+00:00,Ticketed,,,,,,,,,,,,,,,,,
UAE,CLZFTF,2025-06-20T17:12:33.787+00:00,Ticketed,,,,,,,,,,,,,,,,,
UAE,CLZG4W,2025-06-20T17:14:21.384+00:00,Ticketed,,,,,,,,,,,,,,,,,
UAE,CLZG6Y,2025-06-20T17:14:42.859+00:00,Ticketed,,,,,,,,,,,,,,,,,
UAE,CLZGHS,2025-06-20T17:16:20.909+00:00,Ticketed,,,,,,,,,,,,,,,,,
UAE,CLZGL1,2025-06-20T17:16:44.349+00:00,Ticketed,,,,,,,,,,,,,,,,,
UAE,CLZGRK,2025-06-20T17:17:45.583+00:00,Ticketed,,,,,,,,,,,,,,,,,
UAE,CLZGQL,2025-06-20T17:17:33.305+00:00,Ticketed,,,,,,,,,,,,,,,,,
UAE,CLZGWL,2025-06-20T17:18:23.500+00:00,Ticketed,,,,,,,,,,,,,,,,,
UAE,CLZGXV,2025-06-20T17:18:35.255+00:00,Ticketed,,,,,,,,,,,,,,,,,
UAE,CLZH1D,2025-06-20T17:19:17.416+00:00,Ticketed,,,,,,,,,,,,,,,,,
UAE,CLZHDC,2025-06-20T17:21:22.190+00:00,Ticketed,,,,,,,,,,,,,,,,,
UAE,CLZHKV,2025-06-20T17:22:22.237+00:00,Ticketed,,,,,,,,,,,,,,,,,
UAE,CLZHNC,2025-06-20T17:22:46.599+00:00,Ticketed,,,,,,,,,,,,,,,,,
UAE,CLZHNM,2025-06-20T17:22:48.711+00:00,Ticketed,,,,,,,,,,,,,,,,,
UAE,CLZHQ5,2025-06-20T17:23:05.448+00:00,Ticketed,,,,,,,,,,,,,,,,,
UAE,CLZHRZ,2025-06-20T17:23:21.374+00:00,Ticketed,,,,,,,,,,,,,,,,,
UAE,CLZHZK,2025-06-20T17:24:35.057+00:00,Ticketed,,,,,,,,,,,,,,,,,
UAE,CLZJ43,2025-06-20T17:25:23.198+00:00,Ticketed,,,,,,,,,,,,,,,,,
UAE,CLZJ95,2025-06-20T17:26:18.541+00:00,Ticketed,,,,,,,,,,,,,,,,,
UAE,CLZJH5,2025-06-20T17:27:15.670+00:00,Ticketed,,,,,,,,,,,,,,,,,
UAE,CLZJNL,2025-06-20T17:28:30.519+00:00,Ticketed,,,,,,,,,,,,,,,,,
UAE,CLZJRY,2025-06-20T17:29:07.546+00:00,Ticketed,,,,,,,,,,,,,,,,,
UAE,CLZK6N,2025-06-20T17:31:40.264+00:00,Ticketed,,,,,,,,,,,,,,,,,
UAE,CLZK83,2025-06-20T17:31:56.744+00:00,Ticketed,,,,,,,,,,,,,,,,,
UAE,CLZKMC,2025-06-20T17:33:59.497+00:00,Ticketed,,,,,,,,,,,,,,,,,
UAE,CLZKMR,2025-06-20T17:34:04.708+00:00,Ticketed,,,,,,,,,,,,,,,,,
UAE,CLZL0R,2025-06-20T17:36:33.052+00:00,Ticketed,,,,,,,,,,,,,,,,,
UAE,CLZL24,2025-06-20T17:36:49.686+00:00,Ticketed,,,,,,,,,,,,,,,,,
UAE,C2CHXC,2025-06-20T17:38:12.984+00:00,Ticketed,,,,,,,,,,,,,,,,,
UAE,CLZL7Y,2025-06-20T17:38:01.674+00:00,Ticketed,,,,,,,,,,,,,,,,,
UAE,CLZLC9,2025-06-20T17:38:47.403+00:00,Ticketed,,,,,,,,,,,,,,,,,
UAE,CLZKW1,2025-06-20T17:38:37.927+00:00,Ticketed,,,,,,,,,,,,,,,,,
UAE,CLZLTH,2025-06-20T17:41:25.025+00:00,Ticketed,,,,,,,,,,,,,,,,,
UAE,CLZLRZ,2025-06-20T17:41:06.457+00:00,Ticketed,,,,,,,,,,,,,,,,,
UAE,CLZM2L,2025-06-20T17:43:01.597+00:00,Ticketed,,,,,,,,,,,,,,,,,
UAE,F7EEMQ,2025-06-20T17:42:44.963+00:00,Ticketed,,,,,,,,,,,,,,,,,
UAE,CLZLQ1,2025-06-20T17:44:22.961+00:00,Ticketed,,,,,,,,,,,,,,,,,
UAE,CLZMJF,2025-06-20T17:45:51.565+00:00,Ticketed,,,,,,,,,,,,,,,,,
UAE,CLZMLJ,2025-06-20T17:46:11.622+00:00,Ticketed,,,,,,,,,,,,,,,,,
UAE,CLZMSG,2025-06-20T17:47:18.005+00:00,Ticketed,,,,,,,,,,,,,,,,,
UAE,CLZMSQ,2025-06-20T17:47:21.480+00:00,Ticketed,,,,,,,,,,,,,,,,,
UAE,CLZMWL,2025-06-20T17:47:57.749+00:00,Ticketed,,,,,,,,,,,,,,,,,
UAE,CLZMXL,2025-06-20T17:48:09.869+00:00,Ticketed,,,,,,,,,,,,,,,,,
UAE,CLZMYJ,2025-06-20T17:48:24.999+00:00,Ticketed,,,,,,,,,,,,,,,,,
UAE,CLZN1B,2025-06-20T17:49:01.557+00:00,Ticketed,,,,,,,,,,,,,,,,,
UAE,CLZN1D,2025-06-20T17:49:01.920+00:00,Ticketed,,,,,,,,,,,,,,,,,
UAE,CLZN1G,2025-06-20T17:49:03.219+00:00,Ticketed,,,,,,,,,,,,,,,,,
UAE,CLZJZK,2025-06-20T17:50:40.211+00:00,Ticketed,,,,,,,,,,,,,,,,,
UAE,CLZNHF,2025-06-20T17:52:10.855+00:00,Ticketed,,,,,,,,,,,,,,,,,
UAE,CLZNLL,2025-06-20T17:52:46.544+00:00,Ticketed,,,,,,,,,,,,,,,,,
UAE,CLZNW7,2025-06-20T17:54:20.325+00:00,Ticketed,,,,,,,,,,,,,,,,,
UAE,CLZNVF,2025-06-20T17:54:13.785+00:00,Ticketed,,,,,,,,,,,,,,,,,
UAE,CLZNZM,2025-06-20T17:55:01.879+00:00,Ticketed,,,,,,,,,,,,,,,,,
UAE,CLZP7V,2025-06-20T17:56:40.807+00:00,Ticketed,,,,,,,,,,,,,,,,,
UAE,CLZP86,2025-06-20T17:56:44.152+00:00,Ticketed,,,,,,,,,,,,,,,,,
UAE,CLZPGX,2025-06-20T17:58:03.281+00:00,Ticketed,,,,,,,,,,,,,,,,,
UAE,CLZPKK,2025-06-20T17:58:37.589+00:00,Ticketed,,,,,,,,,,,,,,,,,
UAE,CLZPLF,2025-06-20T17:58:48.516+00:00,Ticketed,,,,,,,,,,,,,,,,,
UAE,WZJ2NL,2025-06-20T17:59:32.618+00:00,Ticketed,,,,,,,,,,,,,,,,,
UAE,CLZP8J,2025-06-20T18:00:12.090+00:00,Ticketed,,,,,,,,,,,,,,,,,
UAE,CLZPWR,2025-06-20T18:00:43.246+00:00,Ticketed,,,,,,,,,,,,,,,,,
UAE,CLZPYN,2025-06-20T18:01:03.295+00:00,Ticketed,,,,,,,,,,,,,,,,,
UAE,CLZLPR,2025-06-20T18:01:51.620+00:00,Ticketed,,,,,,,,,,,,,,,,,
UAE,CLZQ6C,2025-06-20T18:02:47.885+00:00,Ticketed,,,,,,,,,,,,,,,,,
UAE,CLZQQR,2025-06-20T18:06:27.726+00:00,Ticketed,,,,,,,,,,,,,,,,,
UAE,CLZQWC,2025-06-20T18:07:40.230+00:00,Ticketed,,,,,,,,,,,,,,,,,
UAE,CLZQXQ,2025-06-20T18:07:55.742+00:00,Ticketed,,,,,,,,,,,,,,,,,
UAE,CLZR29,2025-06-20T18:08:51.348+00:00,Ticketed,,,,,,,,,,,,,,,,,
UAE,CLZR41,2025-06-20T18:09:13.874+00:00,Ticketed,,,,,,,,,,,,,,,,,
UAE,CLZR54,2025-06-20T18:09:30.682+00:00,Ticketed,,,,,,,,,,,,,,,,,
UAE,CLZRCR,2025-06-20T18:11:04.301+00:00,Ticketed,,,,,,,,,,,,,,,,,
UAE,CLZRNQ,2025-06-20T18:12:51.446+00:00,Ticketed,,,,,,,,,,,,,,,,,
UAE,CLZRQV,2025-06-20T18:13:22.819+00:00,Ticketed,,,,,,,,,,,,,,,,,
UAE,CLZRQ4,2025-06-20T18:13:10.792+00:00,Ticketed,,,,,,,,,,,,,,,,,
UAE,CLZRK8,2025-06-20T18:13:11.194+00:00,Ticketed,,,,,,,,,,,,,,,,,
UAE,CLZRSJ,2025-06-20T18:13:42.155+00:00,Ticketed,,,,,,,,,,,,,,,,,
UAE,CLZRVF,2025-06-20T18:14:10.086+00:00,Ticketed,,,,,,,,,,,,,,,,,
UAE,CLZRYL,2025-06-20T18:14:56.947+00:00,Ticketed,,,,,,,,,,,,,,,,,
UAE,CLZS23,2025-06-20T18:15:46.620+00:00,Ticketed,,,,,,,,,,,,,,,,,
UAE,CLZS26,2025-06-20T18:15:47.611+00:00,Ticketed,,,,,,,,,,,,,,,,,
UAE,CLZS8S,2025-06-20T18:17:13.746+00:00,Ticketed,,,,,,,,,,,,,,,,,
UAE,CLZS8Y,2025-06-20T18:17:15.053+00:00,Ticketed,,,,,,,,,,,,,,,,,
UAE,CLZSF7,2025-06-20T18:18:01.284+00:00,Ticketed,,,,,,,,,,,,,,,,,
UAE,CLZSJV,2025-06-20T18:18:46.590+00:00,Ticketed,,,,,,,,,,,,,,,,,
UAE,CLZSWD,2025-06-20T18:21:11.786+00:00,Ticketed,,,,,,,,,,,,,,,,,
UAE,CLZSVN,2025-06-20T18:21:03.305+00:00,Ticketed,,,,,,,,,,,,,,,,,
UAE,CLZTFW,2025-06-20T18:24:44.068+00:00,Ticketed,,,,,,,,,,,,,,,,,
UAE,CLZTMR,2025-06-20T18:26:05.980+00:00,Ticketed,,,,,,,,,,,,,,,,,
UAE,CLZTMZ,2025-06-20T18:26:07.415+00:00,Ticketed,,,,,,,,,,,,,,,,,
UAE,CLZTPL,2025-06-20T18:26:31.060+00:00,Ticketed,,,,,,,,,,,,,,,,,
UAE,CLZTSD,2025-06-20T18:27:07.418+00:00,Ticketed,,,,,,,,,,,,,,,,,
UAE,CLZTTT,2025-06-20T18:27:23.435+00:00,Ticketed,,,,,,,,,,,,,,,,,
UAE,CLZTXN,2025-06-20T18:28:06.084+00:00,Ticketed,,,,,,,,,,,,,,,,,
UAE,CLZVFJ,2025-06-20T18:31:43.212+00:00,Ticketed,,,,,,,,,,,,,,,,,
UAE,CLZVK5,2025-06-20T18:32:27.870+00:00,Ticketed,,,,,,,,,,,,,,,,,
UAE,CLZVR5,2025-06-20T18:33:39.623+00:00,Ticketed,,,,,,,,,,,,,,,,,
UAE,W5LTRJ,2025-06-20T19:42:27.121+00:00,Ticketed,,,,,,,,,,,,,,,,,
UAE,CLZVQ2,2025-06-20T18:33:22.748+00:00,Ticketed,,,,,,,,,,,,,,,,,
UAE,CLZVQY,2025-06-20T18:34:06.569+00:00,Ticketed,,,,,,,,,,,,,,,,,
UAE,CLZVSP,2025-06-20T18:33:54.885+00:00,Ticketed,,,,,,,,,,,,,,,,,
UAE,CLZW6Y,2025-06-20T18:37:00.282+00:00,Ticketed,,,,,,,,,,,,,,,,,
UAE,CLZV69,2025-06-20T18:37:32.586+00:00,Ticketed,,,,,,,,,,,,,,,,,
UAE,CLZWDS,2025-06-20T18:38:14.636+00:00,Ticketed,,,,,,,,,,,,,,,,,
UAE,CLZWK1,2025-06-20T18:39:18.184+00:00,Ticketed,,,,,,,,,,,,,,,,,
UAE,X7MHKT,2025-06-20T18:40:06.641+00:00,Ticketed,,,,,,,,,,,,,,,,,
UAE,U1IF6F,2025-06-20T18:40:42.983+00:00,Ticketed,,,,,,,,,,,,,,,,,
UAE,CLZWQT,2025-06-20T18:42:44.336+00:00,Ticketed,,,,,,,,,,,,,,,,,
UAE,CLZW9G,2025-06-20T18:43:17.486+00:00,Ticketed,,,,,,,,,,,,,,,,,
UAE,CLZX8H,2025-06-20T18:44:29.593+00:00,Ticketed,,,,,,,,,,,,,,,,,
UAE,U778GT,2025-06-20T18:44:50.196+00:00,Ticketed,,,,,,,,,,,,,,,,,
UAE,CLZXGB,2025-06-20T18:45:51.940+00:00,Ticketed,,,,,,,,,,,,,,,,,
UAE,C6PQ5A,2025-06-20T18:45:54.163+00:00,Ticketed,,,,,,,,,,,,,,,,,
UAE,CLZXHQ,2025-06-20T18:46:06.119+00:00,Ticketed,,,,,,,,,,,,,,,,,
UAE,CLZXL6,2025-06-20T18:46:45.966+00:00,Ticketed,,,,,,,,,,,,,,,,,
UAE,CLZXND,2025-06-20T18:47:19.063+00:00,Ticketed,,,,,,,,,,,,,,,,,
UAE,CLZXQ0,2025-06-20T18:47:40.639+00:00,Ticketed,,,,,,,,,,,,,,,,,
UAE,CLZXW5,2025-06-20T18:48:53.230+00:00,Ticketed,,,,,,,,,,,,,,,,,
UAE,CLZY2W,2025-06-20T18:50:18.889+00:00,Ticketed,,,,,,,,,,,,,,,,,
UAE,CLZYD0,2025-06-20T18:52:17.251+00:00,Ticketed,,,,,,,,,,,,,,,,,
UAE,CLZYJR,2025-06-20T18:53:38.133+00:00,Ticketed,,,,,,,,,,,,,,,,,
UAE,CLZYKY,2025-06-20T18:53:54.739+00:00,Ticketed,,,,,,,,,,,,,,,,,
UAE,CLZYSL,2025-06-20T18:55:33.460+00:00,Ticketed,,,,,,,,,,,,,,,,,
UAE,CLZYW5,2025-06-20T18:56:14.943+00:00,Ticketed,,,,,,,,,,,,,,,,,
UAE,CLZYW9,2025-06-20T18:56:17.691+00:00,Ticketed,,,,,,,,,,,,,,,,,
UAE,EBY62R,2025-06-20T18:57:48.729+00:00,Ticketed,,,,,,,,,,,,,,,,,
UAE,CLZZ76,2025-06-20T18:59:14.924+00:00,Ticketed,,,,,,,,,,,,,,,,,
UAE,CLZZDC,2025-06-20T19:00:28.600+00:00,Ticketed,,,,,,,,,,,,,,,,,
UAE,CLZZGW,2025-06-20T19:01:11.028+00:00,Ticketed,,,,,,,,,,,,,,,,,
UAE,CLZZR0,2025-06-20T19:03:04.710+00:00,Ticketed,,,,,,,,,,,,,,,,,
UAE,CLZZTK,2025-06-20T19:03:51.973+00:00,Ticketed,,,,,,,,,,,,,,,,,
UAE,CLZZW1,2025-06-20T19:04:21.309+00:00,Ticketed,,,,,,,,,,,,,,,,,
UAE,CLZZXB,2025-06-20T19:04:39.397+00:00,Ticketed,,,,,,,,,,,,,,,,,
UAE,CLZZYV,2025-06-20T19:05:08.889+00:00,Ticketed,,,,,,,,,,,,,,,,,
UAE,CM002L,2025-06-20T19:06:02.922+00:00,Ticketed,,,,,,,,,,,,,,,,,
UAE,CM00G0,2025-06-20T19:08:47.112+00:00,Ticketed,,,,,,,,,,,,,,,,,
UAE,CM00PL,2025-06-20T19:10:40.175+00:00,Ticketed,,,,,,,,,,,,,,,,,
UAE,V7CHHT,2025-06-20T19:11:06.149+00:00,Ticketed,,,,,,,,,,,,,,,,,
UAE,CM00RC,2025-06-20T19:11:09.458+00:00,Ticketed,,,,,,,,,,,,,,,,,
UAE,CM012Q,2025-06-20T19:13:31.357+00:00,Ticketed,,,,,,,,,,,,,,,,,
UAE,CLZZDY,2025-06-20T19:14:17.315+00:00,Ticketed,,,,,,,,,,,,,,,,,
UAE,CM014K,2025-06-20T19:14:05.254+00:00,Ticketed,,,,,,,,,,,,,,,,,
UAE,CM01FZ,2025-06-20T19:16:44.275+00:00,Ticketed,,,,,,,,,,,,,,,,,
UAE,CM00YB,2025-06-20T19:16:33.150+00:00,Ticketed,,,,,,,,,,,,,,,,,
UAE,CM01GH,2025-06-20T19:16:52.043+00:00,Ticketed,,,,,,,,,,,,,,,,,
UAE,CM01KM,2025-06-20T19:17:40.234+00:00,Ticketed,,,,,,,,,,,,,,,,,
UAE,CM01V1,2025-06-20T19:20:05.605+00:00,Ticketed,,,,,,,,,,,,,,,,,
UAE,CM0228,2025-06-20T19:22:07.122+00:00,Ticketed,,,,,,,,,,,,,,,,,
UAE,CM0272,2025-06-20T19:23:18.963+00:00,Ticketed,,,,,,,,,,,,,,,,,
UAE,CM02PF,2025-06-20T19:27:15.626+00:00,Ticketed,,,,,,,,,,,,,,,,,
UAE,CM02V6,2025-06-20T19:28:29.480+00:00,Ticketed,,,,,,,,,,,,,,,,,
UAE,CM02WK,2025-06-20T19:28:50.585+00:00,Ticketed,,,,,,,,,,,,,,,,,
UAE,CM02ZT,2025-06-20T19:29:46.688+00:00,Ticketed,,,,,,,,,,,,,,,,,
UAE,CM02Y1,2025-06-20T19:29:13.283+00:00,Ticketed,,,,,,,,,,,,,,,,,
UAE,CM033T,2025-06-20T19:30:49.492+00:00,Ticketed,,,,,,,,,,,,,,,,,
UAE,CM038J,2025-06-20T19:31:53.610+00:00,Ticketed,,,,,,,,,,,,,,,,,
UAE,CM03DP,2025-06-20T19:32:53.630+00:00,Ticketed,,,,,,,,,,,,,,,,,
UAE,CM03KG,2025-06-20T19:34:22.135+00:00,Ticketed,,,,,,,,,,,,,,,,,
UAE,CM03TM,2025-06-20T19:36:43.308+00:00,Ticketed,,,,,,,,,,,,,,,,,
UAE,CM04CR,2025-06-20T19:41:17.804+00:00,Ticketed,,,,,,,,,,,,,,,,,
UAE,CM04FL,2025-06-20T19:41:44.138+00:00,Ticketed,,,,,,,,,,,,,,,,,
UAE,CM04FM,2025-06-20T19:41:45.021+00:00,Ticketed,,,,,,,,,,,,,,,,,
UAE,CM0DCC,2025-06-20T20:55:24.539+00:00,Ticketed,,,,,,,,,,,,,,,,,
UAE,CM04JS,2025-06-20T19:42:36.150+00:00,Ticketed,,,,,,,,,,,,,,,,,
UAE,CM04MK,2025-06-20T19:43:15.116+00:00,Ticketed,,,,,,,,,,,,,,,,,
UAE,CM04P9,2025-06-20T19:43:37.581+00:00,Ticketed,,,,,,,,,,,,,,,,,
UAE,NZDGNY,2025-06-20T19:47:11.515+00:00,Ticketed,,,,,,,,,,,,,,,,,
UAE,CM05DB,2025-06-20T19:49:22.398+00:00,Ticketed,,,,,,,,,,,,,,,,,
UAE,CM05DM,2025-06-20T19:49:26.499+00:00,Ticketed,,,,,,,,,,,,,,,,,
UAE,CM05GX,2025-06-20T19:50:02.772+00:00,Ticketed,,,,,,,,,,,,,,,,,
UAE,CM05P7,2025-06-20T19:51:59.061+00:00,Ticketed,,,,,,,,,,,,,,,,,
UAE,CM05QZ,2025-06-20T19:52:24.346+00:00,Ticketed,,,,,,,,,,,,,,,,,
UAE,CM062W,2025-06-20T19:55:29.086+00:00,Ticketed,,,,,,,,,,,,,,,,,
UAE,CM0630,2025-06-20T19:55:30.850+00:00,Ticketed,,,,,,,,,,,,,,,,,
UAE,CM06CJ,2025-06-20T19:58:05.726+00:00,Ticketed,,,,,,,,,,,,,,,,,
UAE,CM06CL,2025-06-20T19:58:06.336+00:00,Ticketed,,,,,,,,,,,,,,,,,
UAE,CM06F0,2025-06-20T19:58:29.173+00:00,Ticketed,,,,,,,,,,,,,,,,,
UAE,CM06G3,2025-06-20T19:58:47.726+00:00,Ticketed,,,,,,,,,,,,,,,,,
UAE,CM06JY,2025-06-20T19:59:41.843+00:00,Ticketed,,,,,,,,,,,,,,,,,
UAE,CM06GD,2025-06-20T20:00:14.003+00:00,Ticketed,,,,,,,,,,,,,,,,,
UAE,CM06WF,2025-06-20T20:02:50.336+00:00,Ticketed,,,,,,,,,,,,,,,,,
UAE,CM06SL,2025-06-20T20:03:52.398+00:00,Ticketed,,,,,,,,,,,,,,,,,
UAE,CM0793,2025-06-20T20:06:29.987+00:00,Ticketed,,,,,,,,,,,,,,,,,
UAE,CM075K,2025-06-20T20:07:35.838+00:00,Ticketed,,,,,,,,,,,,,,,,,
UAE,CM07FG,2025-06-20T20:07:45.527+00:00,Ticketed,,,,,,,,,,,,,,,,,
UAE,CM07MZ,2025-06-20T20:09:43.337+00:00,Ticketed,,,,,,,,,,,,,,,,,
UAE,CM07PJ,2025-06-20T20:10:08.189+00:00,Ticketed,,,,,,,,,,,,,,,,,
UAE,CM07P6,2025-06-20T20:12:55.490+00:00,Ticketed,,,,,,,,,,,,,,,,,
UAE,CM07TY,2025-06-20T20:13:22.443+00:00,Ticketed,,,,,,,,,,,,,,,,,
UAE,CM0832,2025-06-20T20:14:12.052+00:00,Ticketed,,,,,,,,,,,,,,,,,
UAE,CM0872,2025-06-20T20:15:26.807+00:00,Ticketed,,,,,,,,,,,,,,,,,
UAE,CM08D5,2025-06-20T20:16:58.934+00:00,Ticketed,,,,,,,,,,,,,,,,,
UAE,CM082M,2025-06-20T20:17:01.104+00:00,Ticketed,,,,,,,,,,,,,,,,,
UAE,CM0898,2025-06-20T20:17:12.558+00:00,Ticketed,,,,,,,,,,,,,,,,,
UAE,CM07XG,2025-06-20T20:16:44.677+00:00,Ticketed,,,,,,,,,,,,,,,,,
UAE,CM08CH,2025-06-20T20:16:45.946+00:00,Ticketed,,,,,,,,,,,,,,,,,
UAE,CM08GC,2025-06-20T20:17:42.490+00:00,Ticketed,,,,,,,,,,,,,,,,,
UAE,CM08S4,2025-06-20T20:21:52.571+00:00,Ticketed,,,,,,,,,,,,,,,,,
UAE,CM08RY,2025-06-20T20:22:02.608+00:00,Ticketed,,,,,,,,,,,,,,,,,
UAE,CM090S,2025-06-20T20:23:12.904+00:00,Ticketed,,,,,,,,,,,,,,,,,
UAE,CM09KT,2025-06-20T20:28:16.535+00:00,Ticketed,,,,,,,,,,,,,,,,,
UAE,CM09JJ,2025-06-20T20:27:56.563+00:00,Ticketed,,,,,,,,,,,,,,,,,
UAE,CM09K0,2025-06-20T20:30:53.333+00:00,Ticketed,,,,,,,,,,,,,,,,,
UAE,CM099P,2025-06-20T20:31:20.926+00:00,Ticketed,,,,,,,,,,,,,,,,,
UAE,CLZX6P,2025-06-20T20:32:01.142+00:00,Ticketed,,,,,,,,,,,,,,,,,
UAE,CM0BHJ,2025-06-20T20:37:09.581+00:00,Ticketed,,,,,,,,,,,,,,,,,
UAE,CM0BL2,2025-06-20T20:39:18.736+00:00,Ticketed,,,,,,,,,,,,,,,,,
UAE,CM0BFC,2025-06-20T20:38:58.025+00:00,Ticketed,,,,,,,,,,,,,,,,,
UAE,CM0CBK,2025-06-20T20:45:15.674+00:00,Ticketed,,,,,,,,,,,,,,,,,
UAE,CM0CDL,2025-06-20T20:48:31.784+00:00,Ticketed,,,,,,,,,,,,,,,,,
UAE,CM0CWD,2025-06-20T20:50:30.411+00:00,Ticketed,,,,,,,,,,,,,,,,,
UAE,CM0CWP,2025-06-20T20:50:34.675+00:00,Ticketed,,,,,,,,,,,,,,,,,
UAE,CM0D27,2025-06-20T20:52:25.033+00:00,Ticketed,,,,,,,,,,,,,,,,,
UAE,CM0DG4,2025-06-20T20:56:16.078+00:00,Ticketed,,,,,,,,,,,,,,,,,
UAE,CM0DD7,2025-06-20T20:55:38.153+00:00,Ticketed,,,,,,,,,,,,,,,,,
UAE,CM0DKD,2025-06-20T20:57:22.692+00:00,Ticketed,,,,,,,,,,,,,,,,,
UAE,CM0DLM,2025-06-20T20:57:49.394+00:00,Ticketed,,,,,,,,,,,,,,,,,
UAE,CM0DRJ,2025-06-20T20:59:19.831+00:00,Ticketed,,,,,,,,,,,,,,,,,
UAE,CM0F9F,2025-06-20T21:04:55.445+00:00,Ticketed,,,,,,,,,,,,,,,,,
UAE,CM0DXM,2025-06-20T21:05:41.050+00:00,Ticketed,,,,,,,,,,,,,,,,,
UAE,CM0FHH,2025-06-20T21:06:45.070+00:00,Ticketed,,,,,,,,,,,,,,,,,
UAE,CM0GTR,2025-06-20T21:20:32.342+00:00,Ticketed,,,,,,,,,,,,,,,,,
UAE,CM0GSK,2025-06-20T21:22:25.269+00:00,Ticketed,,,,,,,,,,,,,,,,,
UAE,CM0DD1,2025-06-20T21:22:25.470+00:00,Ticketed,,,,,,,,,,,,,,,,,
UAE,CM0H3N,2025-06-20T21:23:46.213+00:00,Ticketed,,,,,,,,,,,,,,,,,
UAE,CM0HNM,2025-06-20T21:29:58.669+00:00,Ticketed,,,,,,,,,,,,,,,,,
UAE,CM0H51,2025-06-20T21:30:45.180+00:00,Ticketed,,,,,,,,,,,,,,,,,
UAE,CM0J8K,2025-06-20T21:36:57.097+00:00,Ticketed,,,,,,,,,,,,,,,,,
UAE,CM0JMW,2025-06-20T21:40:59.666+00:00,Ticketed,,,,,,,,,,,,,,,,,
UAE,CM0JPF,2025-06-20T21:41:31.413+00:00,Ticketed,,,,,,,,,,,,,,,,,
UAE,CM0JPM,2025-06-20T21:43:29.418+00:00,Ticketed,,,,,,,,,,,,,,,,,
UAE,CLVVF8,2025-06-20T21:48:04.849+00:00,Ticketed,,,,,,,,,,,,,,,,,
UAE,CM0KLM,2025-06-20T21:52:38.596+00:00,Ticketed,,,,,,,,,,,,,,,,,
UAE,CM0KPP,2025-06-20T21:53:56.899+00:00,Ticketed,,,,,,,,,,,,,,,,,
UAE,CM0KM0,2025-06-20T21:54:12.765+00:00,Ticketed,,,,,,,,,,,,,,,,,
UAE,CM0L3L,2025-06-20T21:59:33.916+00:00,Ticketed,,,,,,,,,,,,,,,,,
UAE,CM0LJ7,2025-06-20T22:04:37.676+00:00,Ticketed,,,,,,,,,,,,,,,,,
UAE,CM0M3M,2025-06-20T22:12:15.481+00:00,Ticketed,,,,,,,,,,,,,,,,,
UAE,CM0MDB,2025-06-20T22:16:02.641+00:00,Ticketed,,,,,,,,,,,,,,,,,
UAE,CM0MQR,2025-06-20T22:20:53.738+00:00,Ticketed,,,,,,,,,,,,,,,,,
UAE,CM0JYK,2025-06-20T22:25:28.873+00:00,Ticketed,,,,,,,,,,,,,,,,,
UAE,CM0N3R,2025-06-20T22:26:30.935+00:00,Ticketed,,,,,,,,,,,,,,,,,
UAE,CM0NF9,2025-06-20T22:30:25.910+00:00,Ticketed,,,,,,,,,,,,,,,,,
UAE,CM0Q3L,2025-06-20T22:54:10.783+00:00,Ticketed,,,,,,,,,,,,,,,,,
UAE,CM0Q4B,2025-06-20T22:54:27.916+00:00,Ticketed,,,,,,,,,,,,,,,,,
UAE,CM0RJ0,2025-06-20T23:14:46.789+00:00,Ticketed,,,,,,,,,,,,,,,,,
UAE,CM0S0K,2025-06-20T23:22:36.621+00:00,Ticketed,,,,,,,,,,,,,,,,,
UAE,CM0S64,2025-06-20T23:25:34.638+00:00,Ticketed,,,,,,,,,,,,,,,,,
UAE,CM0S6B,2025-06-20T23:25:39.451+00:00,Ticketed,,,,,,,,,,,,,,,,,
UAE,CM0SVR,2025-06-20T23:36:15.633+00:00,Ticketed,,,,,,,,,,,,,,,,,
UAE,CM0SWL,2025-06-20T23:36:47.808+00:00,Ticketed,,,,,,,,,,,,,,,,,
UAE,CM0T46,2025-06-20T23:48:10.163+00:00,Ticketed,,,,,,,,,,,,,,,,,
UAE,CM0TN1,2025-06-20T23:50:20.353+00:00,Ticketed,,,,,,,,,,,,,,,,,
EGY,CLZ26J,2025-06-20T16:21:56.351+00:00,Ticketed,,,,,,,,,,,,,,,,,
EGY,CLX3KF,2025-06-20T12:41:56.922+00:00,Ticketed,,,,,,,,,,,,,,,,,
EGY,CLQXY9,2025-06-20T00:13:44.335+00:00,Ticketed,,,,,,,,,,,,,,,,,
EGY,CLR4FD,2025-06-20T01:15:28.621+00:00,Ticketed,,,,,,,,,,,,,,,,,
EGY,CLRC8M,2025-06-20T02:24:26.324+00:00,Ticketed,,,,,,,,,,,,,,,,,
EGY,CLRCQZ,2025-06-20T02:28:49.214+00:00,Ticketed,,,,,,,,,,,,,,,,,
EGY,CLRZRV,2025-06-20T04:56:22.468+00:00,Ticketed,,,,,,,,,,,,,,,,,
EGY,CLS7Y7,2025-06-20T05:45:23.357+00:00,Ticketed,,,,,,,,,,,,,,,,,
EGY,CLSFQ7,2025-06-20T06:14:06.394+00:00,Ticketed,,,,,,,,,,,,,,,,,
EGY,CLSJR9,2025-06-20T06:27:52.919+00:00,Ticketed,,,,,,,,,,,,,,,,,
EGY,CLT02G,2025-06-20T07:24:11.928+00:00,Ticketed,,,,,,,,,,,,,,,,,
EGY,CLT14K,2025-06-20T07:28:03.411+00:00,Ticketed,,,,,,,,,,,,,,,,,
EGY,CLT3F8,2025-06-20T07:36:15.480+00:00,Ticketed,,,,,,,,,,,,,,,,,
EGY,CLTB8S,2025-06-20T08:00:25.507+00:00,Ticketed,,,,,,,,,,,,,,,,,
EGY,CLTGHF,2025-06-20T08:14:29.733+00:00,Ticketed,,,,,,,,,,,,,,,,,
EGY,CLTHG0,2025-06-20T08:17:58.075+00:00,Ticketed,,,,,,,,,,,,,,,,,
EGY,CLTN2N,2025-06-20T08:33:15.692+00:00,Ticketed,,,,,,,,,,,,,,,,,
EGY,CLTXGR,2025-06-20T09:00:10.470+00:00,Ticketed,,,,,,,,,,,,,,,,,
EGY,CLV750,2025-06-20T09:30:46.841+00:00,Ticketed,,,,,,,,,,,,,,,,,
EGY,CLVB5Z,2025-06-20T09:40:20.209+00:00,Ticketed,,,,,,,,,,,,,,,,,
EGY,CLVBMY,2025-06-20T09:41:46.709+00:00,Ticketed,,,,,,,,,,,,,,,,,
EGY,CLV9ZJ,2025-06-20T09:42:12.452+00:00,Ticketed,,,,,,,,,,,,,,,,,
EGY,CLVD3W,2025-06-20T09:46:19.929+00:00,Ticketed,,,,,,,,,,,,,,,,,
EGY,CLVK7N,2025-06-20T10:01:32.782+00:00,Ticketed,,,,,,,,,,,,,,,,,
EGY,CLVK9J,2025-06-20T10:01:44.161+00:00,Ticketed,,,,,,,,,,,,,,,,,
EGY,CLVN6W,2025-06-20T10:10:44.768+00:00,Ticketed,,,,,,,,,,,,,,,,,
EGY,CLVNZW,2025-06-20T10:13:11.449+00:00,Ticketed,,,,,,,,,,,,,,,,,
EGY,CLVYJ6,2025-06-20T10:40:58.921+00:00,Ticketed,,,,,,,,,,,,,,,,,
EGY,CLW19D,2025-06-20T10:49:58.943+00:00,Ticketed,,,,,,,,,,,,,,,,,
EGY,CLW4XL,2025-06-20T11:01:33.299+00:00,Ticketed,,,,,,,,,,,,,,,,,
EGY,CLW79G,2025-06-20T11:09:25.226+00:00,Ticketed,,,,,,,,,,,,,,,,,
EGY,CLWC8N,2025-06-20T11:22:45.922+00:00,Ticketed,,,,,,,,,,,,,,,,,
EGY,CLWFB0,2025-06-20T11:29:37.805+00:00,Ticketed,,,,,,,,,,,,,,,,,
EGY,CLWG4T,2025-06-20T11:32:29.084+00:00,Ticketed,,,,,,,,,,,,,,,,,
EGY,CLWGFP,2025-06-20T11:33:26.543+00:00,Ticketed,,,,,,,,,,,,,,,,,
EGY,CLWGS5,2025-06-20T11:34:39.229+00:00,Ticketed,,,,,,,,,,,,,,,,,
EGY,CLWHG0,2025-06-20T11:36:50.154+00:00,Ticketed,,,,,,,,,,,,,,,,,
EGY,CLWLLN,2025-06-20T11:47:36.538+00:00,Ticketed,,,,,,,,,,,,,,,,,
EGY,CLWNPK,2025-06-20T11:53:56.891+00:00,Ticketed,,,,,,,,,,,,,,,,,
EGY,CLWP7J,2025-06-20T11:55:49.091+00:00,Ticketed,,,,,,,,,,,,,,,,,
EGY,CLWPCD,2025-06-20T11:56:12.007+00:00,Ticketed,,,,,,,,,,,,,,,,,
EGY,CLWQ5D,2025-06-20T11:58:53.227+00:00,Ticketed,,,,,,,,,,,,,,,,,
EGY,CLWRY1,2025-06-20T12:04:50.794+00:00,Ticketed,,,,,,,,,,,,,,,,,
EGY,CLWSWT,2025-06-20T12:08:13.209+00:00,Ticketed,,,,,,,,,,,,,,,,,
EGY,CLWVQF,2025-06-20T12:14:36.831+00:00,Ticketed,,,,,,,,,,,,,,,,,
EGY,CLWVX0,2025-06-20T12:15:17.657+00:00,Ticketed,,,,,,,,,,,,,,,,,
EGY,CLWWYS,2025-06-20T12:19:06.630+00:00,Ticketed,,,,,,,,,,,,,,,,,
EGY,CLWXSL,2025-06-20T12:21:56.873+00:00,Ticketed,,,,,,,,,,,,,,,,,
EGY,CLWY17,2025-06-20T12:22:48.218+00:00,Ticketed,,,,,,,,,,,,,,,,,
EGY,CLWY36,2025-06-20T12:23:03.809+00:00,Ticketed,,,,,,,,,,,,,,,,,
EGY,CLWYTM,2025-06-20T12:25:47.038+00:00,Ticketed,,,,,,,,,,,,,,,,,
EGY,CLX0SX,2025-06-20T12:32:36.831+00:00,Ticketed,,,,,,,,,,,,,,,,,
EGY,CLX10T,2025-06-20T12:33:27.255+00:00,Ticketed,,,,,,,,,,,,,,,,,
EGY,CLX16X,2025-06-20T12:34:06.060+00:00,Ticketed,,,,,,,,,,,,,,,,,
EGY,CLX1DH,2025-06-20T12:34:39.242+00:00,Ticketed,,,,,,,,,,,,,,,,,
EGY,CLYL0B,2025-06-20T15:17:27.604+00:00,Ticketed,,,,,,,,,,,,,,,,,
EGY,CLX50N,2025-06-20T12:46:48.373+00:00,Ticketed,,,,,,,,,,,,,,,,,
EGY,CLX6G2,2025-06-20T12:51:36.197+00:00,Ticketed,,,,,,,,,,,,,,,,,
EGY,CLX6RV,2025-06-20T12:52:37.567+00:00,Ticketed,,,,,,,,,,,,,,,,,
EGY,CLX8RQ,2025-06-20T12:59:23.139+00:00,Ticketed,,,,,,,,,,,,,,,,,
EGY,CLX94D,2025-06-20T13:00:45.624+00:00,Ticketed,,,,,,,,,,,,,,,,,
EGY,CLXB8Y,2025-06-20T13:04:51.451+00:00,Ticketed,,,,,,,,,,,,,,,,,
EGY,CLXBJT,2025-06-20T13:05:39.574+00:00,Ticketed,,,,,,,,,,,,,,,,,
EGY,CLXBPQ,2025-06-20T13:06:10.812+00:00,Ticketed,,,,,,,,,,,,,,,,,
EGY,CLXCL1,2025-06-20T13:09:05.250+00:00,Ticketed,,,,,,,,,,,,,,,,,
EGY,CLXDYS,2025-06-20T13:13:41.015+00:00,Ticketed,,,,,,,,,,,,,,,,,
EGY,CLXFP6,2025-06-20T13:16:10.363+00:00,Ticketed,,,,,,,,,,,,,,,,,
EGY,CLXGR5,2025-06-20T13:19:36.834+00:00,Ticketed,,,,,,,,,,,,,,,,,
EGY,CLXHCJ,2025-06-20T13:21:43.576+00:00,Ticketed,,,,,,,,,,,,,,,,,
EGY,CLXHGM,2025-06-20T13:22:06.070+00:00,Ticketed,,,,,,,,,,,,,,,,,
EGY,CLXJ0T,2025-06-20T13:23:56.525+00:00,Ticketed,,,,,,,,,,,,,,,,,
EGY,CLXJKB,2025-06-20T13:25:47.550+00:00,Ticketed,,,,,,,,,,,,,,,,,
EGY,CLXJRH,2025-06-20T13:26:30.834+00:00,Ticketed,,,,,,,,,,,,,,,,,
EGY,CLXK3L,2025-06-20T13:27:43.050+00:00,Ticketed,,,,,,,,,,,,,,,,,
EGY,CLXM7R,2025-06-20T13:34:40.678+00:00,Ticketed,,,,,,,,,,,,,,,,,
EGY,CLXM92,2025-06-20T13:34:48.758+00:00,Ticketed,,,,,,,,,,,,,,,,,
EGY,CLXMN1,2025-06-20T13:36:02.362+00:00,Ticketed,,,,,,,,,,,,,,,,,
EGY,CLXN6W,2025-06-20T13:37:59.285+00:00,Ticketed,,,,,,,,,,,,,,,,,
EGY,CLXP27,2025-06-20T13:40:45.528+00:00,Ticketed,,,,,,,,,,,,,,,,,
EGY,CLXQ05,2025-06-20T13:43:54.681+00:00,Ticketed,,,,,,,,,,,,,,,,,
EGY,CLXQZC,2025-06-20T13:47:20.393+00:00,Ticketed,,,,,,,,,,,,,,,,,
EGY,CLXRN3,2025-06-20T13:49:39.845+00:00,Ticketed,,,,,,,,,,,,,,,,,
EGY,CLXSC1,2025-06-20T13:51:51.545+00:00,Ticketed,,,,,,,,,,,,,,,,,
EGY,CLXSRH,2025-06-20T13:53:08.535+00:00,Ticketed,,,,,,,,,,,,,,,,,
EGY,CLXT3J,2025-06-20T13:54:16.286+00:00,Ticketed,,,,,,,,,,,,,,,,,
EGY,CLXVV2,2025-06-20T13:59:54.145+00:00,Ticketed,,,,,,,,,,,,,,,,,
EGY,CLXX3M,2025-06-20T14:04:10.589+00:00,Ticketed,,,,,,,,,,,,,,,,,
EGY,CLXXQ1,2025-06-20T14:06:12.353+00:00,Ticketed,,,,,,,,,,,,,,,,,
EGY,CLXY2J,2025-06-20T14:07:21.918+00:00,Ticketed,,,,,,,,,,,,,,,,,
EGY,CLY064,2025-06-20T14:14:40.906+00:00,Ticketed,,,,,,,,,,,,,,,,,
EGY,CLY0VH,2025-06-20T14:16:58.202+00:00,Ticketed,,,,,,,,,,,,,,,,,
EGY,CLY0V5,2025-06-20T14:16:56.785+00:00,Ticketed,,,,,,,,,,,,,,,,,
EGY,CLY2XP,2025-06-20T14:24:04.285+00:00,Ticketed,,,,,,,,,,,,,,,,,
EGY,CLY43H,2025-06-20T14:28:09.430+00:00,Ticketed,,,,,,,,,,,,,,,,,
EGY,CLY563,2025-06-20T14:31:46.232+00:00,Ticketed,,,,,,,,,,,,,,,,,
EGY,CLY5JC,2025-06-20T14:32:51.050+00:00,Ticketed,,,,,,,,,,,,,,,,,
EGY,CLY5R7,2025-06-20T14:33:36.749+00:00,Ticketed,,,,,,,,,,,,,,,,,
EGY,CLY6JL,2025-06-20T14:36:30.328+00:00,Ticketed,,,,,,,,,,,,,,,,,
EGY,CLY6RY,2025-06-20T14:37:18.834+00:00,Ticketed,,,,,,,,,,,,,,,,,
EGY,CLY6WG,2025-06-20T14:37:43.683+00:00,Ticketed,,,,,,,,,,,,,,,,,
EGY,CLY90V,2025-06-20T14:45:12.420+00:00,Ticketed,,,,,,,,,,,,,,,,,
EGY,CLYC8N,2025-06-20T14:53:26.644+00:00,Ticketed,,,,,,,,,,,,,,,,,
EGY,CLYCB5,2025-06-20T14:53:35.648+00:00,Ticketed,,,,,,,,,,,,,,,,,
EGY,CLYCKV,2025-06-20T14:54:25.633+00:00,Ticketed,,,,,,,,,,,,,,,,,
EGY,CLYCZH,2025-06-20T14:55:54.673+00:00,Ticketed,,,,,,,,,,,,,,,,,
EGY,CLYDK0,2025-06-20T14:57:44.402+00:00,Ticketed,,,,,,,,,,,,,,,,,
EGY,CLYF2C,2025-06-20T14:59:32.039+00:00,Ticketed,,,,,,,,,,,,,,,,,
EGY,CLYF6T,2025-06-20T15:00:08.606+00:00,Ticketed,,,,,,,,,,,,,,,,,
EGY,CLYFLD,2025-06-20T15:01:34.240+00:00,Ticketed,,,,,,,,,,,,,,,,,
EGY,CLYFNB,2025-06-20T15:01:50.117+00:00,Ticketed,,,,,,,,,,,,,,,,,
EGY,CLYFZ1,2025-06-20T15:02:59.357+00:00,Ticketed,,,,,,,,,,,,,,,,,
EGY,CLYFZC,2025-06-20T15:03:00.882+00:00,Ticketed,,,,,,,,,,,,,,,,,
EGY,CLYGM0,2025-06-20T15:05:11.189+00:00,Ticketed,,,,,,,,,,,,,,,,,
EGY,CLYGVF,2025-06-20T15:05:59.064+00:00,Ticketed,,,,,,,,,,,,,,,,,
EGY,CLYHJL,2025-06-20T15:08:31.831+00:00,Ticketed,,,,,,,,,,,,,,,,,
EGY,CLYHMY,2025-06-20T15:08:50.279+00:00,Ticketed,,,,,,,,,,,,,,,,,
EGY,CLYHPK,2025-06-20T15:09:01.838+00:00,Ticketed,,,,,,,,,,,,,,,,,
EGY,CLYJ60,2025-06-20T15:10:47.232+00:00,Ticketed,,,,,,,,,,,,,,,,,
EGY,CLYJYJ,2025-06-20T15:13:34.929+00:00,Ticketed,,,,,,,,,,,,,,,,,
EGY,CLYKJT,2025-06-20T15:15:39.427+00:00,Ticketed,,,,,,,,,,,,,,,,,
EGY,CLYKM5,2025-06-20T15:15:58.432+00:00,Ticketed,,,,,,,,,,,,,,,,,
EGY,CLYKN0,2025-06-20T15:16:03.444+00:00,Ticketed,,,,,,,,,,,,,,,,,
EGY,CLZJ8F,2025-06-20T17:26:07.807+00:00,Ticketed,,,,,,,,,,,,,,,,,
EGY,CLYL5S,2025-06-20T15:18:03.969+00:00,Ticketed,,,,,,,,,,,,,,,,,
EGY,CLYLGG,2025-06-20T15:19:05.635+00:00,Ticketed,,,,,,,,,,,,,,,,,
EGY,CLYLVF,2025-06-20T15:20:40.274+00:00,Ticketed,,,,,,,,,,,,,,,,,
EGY,CLYLYL,2025-06-20T15:21:01.569+00:00,Ticketed,,,,,,,,,,,,,,,,,
EGY,CLYMDS,2025-06-20T15:22:42.938+00:00,Ticketed,,,,,,,,,,,,,,,,,
EGY,CLYMWB,2025-06-20T15:24:26.941+00:00,Ticketed,,,,,,,,,,,,,,,,,
EGY,CLYN18,2025-06-20T15:25:05.557+00:00,Ticketed,,,,,,,,,,,,,,,,,
EGY,CLYNFM,2025-06-20T15:26:36.371+00:00,Ticketed,,,,,,,,,,,,,,,,,
EGY,CLYNHX,2025-06-20T15:26:53.567+00:00,Ticketed,,,,,,,,,,,,,,,,,
EGY,CLYNQJ,2025-06-20T15:27:38.414+00:00,Ticketed,,,,,,,,,,,,,,,,,
EGY,CLYP0Y,2025-06-20T15:28:48.048+00:00,Ticketed,,,,,,,,,,,,,,,,,
EGY,CLYQ5Q,2025-06-20T15:33:02.126+00:00,Ticketed,,,,,,,,,,,,,,,,,
EGY,CLYQ5F,2025-06-20T15:33:00.811+00:00,Ticketed,,,,,,,,,,,,,,,,,
EGY,CLYR37,2025-06-20T15:36:21.986+00:00,Ticketed,,,,,,,,,,,,,,,,,
EGY,CLYRDY,2025-06-20T15:37:39.070+00:00,Ticketed,,,,,,,,,,,,,,,,,
EGY,CLYRG6,2025-06-20T15:37:50.747+00:00,Ticketed,,,,,,,,,,,,,,,,,
EGY,CLYS9M,2025-06-20T15:41:05.884+00:00,Ticketed,,,,,,,,,,,,,,,,,
EGY,CLYS8L,2025-06-20T15:40:57.557+00:00,Ticketed,,,,,,,,,,,,,,,,,
EGY,CLYT0W,2025-06-20T15:44:05.857+00:00,Ticketed,,,,,,,,,,,,,,,,,
EGY,CLYTFH,2025-06-20T15:45:43.522+00:00,Ticketed,,,,,,,,,,,,,,,,,
EGY,CLYTMX,2025-06-20T15:46:26.292+00:00,Ticketed,,,,,,,,,,,,,,,,,
EGY,CLYTZ1,2025-06-20T15:47:51.746+00:00,Ticketed,,,,,,,,,,,,,,,,,
EGY,CLYTZW,2025-06-20T15:47:56.998+00:00,Ticketed,,,,,,,,,,,,,,,,,
EGY,CLYW32,2025-06-20T15:52:12.027+00:00,Ticketed,,,,,,,,,,,,,,,,,
EGY,CLYWVC,2025-06-20T15:55:14.926+00:00,Ticketed,,,,,,,,,,,,,,,,,
EGY,CLYY7B,2025-06-20T16:00:45.446+00:00,Ticketed,,,,,,,,,,,,,,,,,
EGY,CLYY9P,2025-06-20T16:01:03.188+00:00,Ticketed,,,,,,,,,,,,,,,,,
EGY,CLYYK5,2025-06-20T16:02:06.045+00:00,Ticketed,,,,,,,,,,,,,,,,,
EGY,CLYYW9,2025-06-20T16:03:26.004+00:00,Ticketed,,,,,,,,,,,,,,,,,
EGY,CLYZLZ,2025-06-20T16:06:21.269+00:00,Ticketed,,,,,,,,,,,,,,,,,
EGY,CLYZNY,2025-06-20T16:06:36.348+00:00,Ticketed,,,,,,,,,,,,,,,,,
EGY,CLYZNH,2025-06-20T16:06:32.294+00:00,Ticketed,,,,,,,,,,,,,,,,,
EGY,CLZ01M,2025-06-20T16:08:11.074+00:00,Ticketed,,,,,,,,,,,,,,,,,
EGY,CLZ14S,2025-06-20T16:12:49.785+00:00,Ticketed,,,,,,,,,,,,,,,,,
EGY,CLZ2S0,2025-06-20T16:19:36.983+00:00,Ticketed,,,,,,,,,,,,,,,,,
EGY,CLZ4BV,2025-06-20T16:26:41.764+00:00,Ticketed,,,,,,,,,,,,,,,,,
EGY,CLZ64X,2025-06-20T16:34:36.114+00:00,Ticketed,,,,,,,,,,,,,,,,,
EGY,CLZ6X6,2025-06-20T16:38:00.406+00:00,Ticketed,,,,,,,,,,,,,,,,,
EGY,CLZ73T,2025-06-20T16:38:54.432+00:00,Ticketed,,,,,,,,,,,,,,,,,
EGY,CLZ7ML,2025-06-20T16:41:23.907+00:00,Ticketed,,,,,,,,,,,,,,,,,
EGY,CLZ7S7,2025-06-20T16:42:07.172+00:00,Ticketed,,,,,,,,,,,,,,,,,
EGY,CLZ82T,2025-06-20T16:43:46.238+00:00,Ticketed,,,,,,,,,,,,,,,,,
EGY,CLZ867,2025-06-20T16:44:17.637+00:00,Ticketed,,,,,,,,,,,,,,,,,
EGY,CLZ8CS,2025-06-20T16:45:06.059+00:00,Ticketed,,,,,,,,,,,,,,,,,
EGY,CLZ8RP,2025-06-20T16:46:51.722+00:00,Ticketed,,,,,,,,,,,,,,,,,
EGY,CLZ8TJ,2025-06-20T16:47:09.721+00:00,Ticketed,,,,,,,,,,,,,,,,,
EGY,CLZ92N,2025-06-20T16:48:28.338+00:00,Ticketed,,,,,,,,,,,,,,,,,
EGY,CLZ94V,2025-06-20T16:48:46.544+00:00,Ticketed,,,,,,,,,,,,,,,,,
EGY,CLZ985,2025-06-20T16:49:15.482+00:00,Ticketed,,,,,,,,,,,,,,,,,
EGY,CLZ9M5,2025-06-20T16:50:59.558+00:00,Ticketed,,,,,,,,,,,,,,,,,
EGY,CLZ9KX,2025-06-20T16:50:48.197+00:00,Ticketed,,,,,,,,,,,,,,,,,
EGY,CLZ9PY,2025-06-20T16:51:26.193+00:00,Ticketed,,,,,,,,,,,,,,,,,
EGY,CLZ9WX,2025-06-20T16:52:17.128+00:00,Ticketed,,,,,,,,,,,,,,,,,
EGY,CLZB5K,2025-06-20T16:53:41.427+00:00,Ticketed,,,,,,,,,,,,,,,,,
EGY,CLZB9Z,2025-06-20T16:54:27.723+00:00,Ticketed,,,,,,,,,,,,,,,,,
EGY,CLZBF5,2025-06-20T16:54:51.989+00:00,Ticketed,,,,,,,,,,,,,,,,,
EGY,CLZC4P,2025-06-20T16:58:39.597+00:00,Ticketed,,,,,,,,,,,,,,,,,
EGY,CLZCGN,2025-06-20T17:00:19.577+00:00,Ticketed,,,,,,,,,,,,,,,,,
EGY,CLZCZB,2025-06-20T17:03:07.084+00:00,Ticketed,,,,,,,,,,,,,,,,,
EGY,CLZD2D,2025-06-20T17:03:41.760+00:00,Ticketed,,,,,,,,,,,,,,,,,
EGY,CLZDBT,2025-06-20T17:05:09.398+00:00,Ticketed,,,,,,,,,,,,,,,,,
EGY,CLZDJ3,2025-06-20T17:05:55.017+00:00,Ticketed,,,,,,,,,,,,,,,,,
EGY,CLZF17,2025-06-20T17:08:41.510+00:00,Ticketed,,,,,,,,,,,,,,,,,
EGY,CLZFT1,2025-06-20T17:12:30.488+00:00,Ticketed,,,,,,,,,,,,,,,,,
EGY,CLZFT6,2025-06-20T17:12:32.362+00:00,Ticketed,,,,,,,,,,,,,,,,,
EGY,CLZFWT,2025-06-20T17:13:01.779+00:00,Ticketed,,,,,,,,,,,,,,,,,
EGY,CLZFXD,2025-06-20T17:13:06.725+00:00,Ticketed,,,,,,,,,,,,,,,,,
EGY,CLZGGM,2025-06-20T17:16:09.925+00:00,Ticketed,,,,,,,,,,,,,,,,,
EGY,CLZGZT,2025-06-20T17:18:59.994+00:00,Ticketed,,,,,,,,,,,,,,,,,
EGY,CLZHSH,2025-06-20T17:23:25.308+00:00,Ticketed,,,,,,,,,,,,,,,,,
EGY,CLZJVM,2025-06-20T17:29:41.045+00:00,Ticketed,,,,,,,,,,,,,,,,,
EGY,CLZJWB,2025-06-20T17:29:45.161+00:00,Ticketed,,,,,,,,,,,,,,,,,
EGY,CLZJT2,2025-06-20T17:29:23.638+00:00,Ticketed,,,,,,,,,,,,,,,,,
EGY,CLZKHK,2025-06-20T17:33:19.858+00:00,Ticketed,,,,,,,,,,,,,,,,,
EGY,CLZKH2,2025-06-20T17:33:14.589+00:00,Ticketed,,,,,,,,,,,,,,,,,
EGY,CLZKNC,2025-06-20T17:34:08.675+00:00,Ticketed,,,,,,,,,,,,,,,,,
EGY,CLZKZW,2025-06-20T17:36:17.285+00:00,Ticketed,,,,,,,,,,,,,,,,,
EGY,CLZLRM,2025-06-20T17:41:02.915+00:00,Ticketed,,,,,,,,,,,,,,,,,
EGY,CLZLY3,2025-06-20T17:42:08.842+00:00,Ticketed,,,,,,,,,,,,,,,,,
EGY,CLZM04,2025-06-20T17:42:35.048+00:00,Ticketed,,,,,,,,,,,,,,,,,
EGY,CLZM8C,2025-06-20T17:44:07.229+00:00,Ticketed,,,,,,,,,,,,,,,,,
EGY,CLZMXZ,2025-06-20T17:48:17.454+00:00,Ticketed,,,,,,,,,,,,,,,,,
EGY,CLZNDV,2025-06-20T17:51:38.713+00:00,Ticketed,,,,,,,,,,,,,,,,,
EGY,CLZNF4,2025-06-20T17:51:42.042+00:00,Ticketed,,,,,,,,,,,,,,,,,
EGY,CLZND7,2025-06-20T17:51:29.113+00:00,Ticketed,,,,,,,,,,,,,,,,,
EGY,CLZNHC,2025-06-20T17:52:09.872+00:00,Ticketed,,,,,,,,,,,,,,,,,
EGY,CLZNSS,2025-06-20T17:53:55.890+00:00,Ticketed,,,,,,,,,,,,,,,,,
EGY,CLZNSZ,2025-06-20T17:53:57.113+00:00,Ticketed,,,,,,,,,,,,,,,,,
EGY,CLZP4D,2025-06-20T17:56:00.975+00:00,Ticketed,,,,,,,,,,,,,,,,,
EGY,CLZP72,2025-06-20T17:56:32.645+00:00,Ticketed,,,,,,,,,,,,,,,,,
EGY,CLZP5R,2025-06-20T17:56:17.537+00:00,Ticketed,,,,,,,,,,,,,,,,,
EGY,CLZP7D,2025-06-20T17:56:34.977+00:00,Ticketed,,,,,,,,,,,,,,,,,
EGY,CLZPWD,2025-06-20T18:00:38.863+00:00,Ticketed,,,,,,,,,,,,,,,,,
EGY,CLZQ3C,2025-06-20T18:02:06.800+00:00,Ticketed,,,,,,,,,,,,,,,,,
EGY,CLZQL5,2025-06-20T18:05:27.042+00:00,Ticketed,,,,,,,,,,,,,,,,,
EGY,CLZQM1,2025-06-20T18:05:39.712+00:00,Ticketed,,,,,,,,,,,,,,,,,
EGY,CLZR8V,2025-06-20T18:10:24.627+00:00,Ticketed,,,,,,,,,,,,,,,,,
EGY,CLZRS8,2025-06-20T18:13:39.821+00:00,Ticketed,,,,,,,,,,,,,,,,,
EGY,CLZRSH,2025-06-20T18:13:42.188+00:00,Ticketed,,,,,,,,,,,,,,,,,
EGY,CLZRVH,2025-06-20T18:14:10.203+00:00,Ticketed,,,,,,,,,,,,,,,,,
EGY,CLZRX3,2025-06-20T18:14:35.590+00:00,Ticketed,,,,,,,,,,,,,,,,,
EGY,CLZRYP,2025-06-20T18:14:57.598+00:00,Ticketed,,,,,,,,,,,,,,,,,
EGY,CLZSC5,2025-06-20T18:17:40.742+00:00,Ticketed,,,,,,,,,,,,,,,,,
EGY,CLZSG0,2025-06-20T18:18:08.868+00:00,Ticketed,,,,,,,,,,,,,,,,,
EGY,CLZSM2,2025-06-20T18:19:20.801+00:00,Ticketed,,,,,,,,,,,,,,,,,
EGY,CLZSW1,2025-06-20T18:21:08.755+00:00,Ticketed,,,,,,,,,,,,,,,,,
EGY,CLZT8S,2025-06-20T18:23:39.917+00:00,Ticketed,,,,,,,,,,,,,,,,,
EGY,CLZV2R,2025-06-20T18:29:21.269+00:00,Ticketed,,,,,,,,,,,,,,,,,
EGY,CLZV2V,2025-06-20T18:29:22.159+00:00,Ticketed,,,,,,,,,,,,,,,,,
EGY,CLZVNB,2025-06-20T18:33:03.857+00:00,Ticketed,,,,,,,,,,,,,,,,,
EGY,CLZVZD,2025-06-20T18:35:01.997+00:00,Ticketed,,,,,,,,,,,,,,,,,
EGY,CLZW2P,2025-06-20T18:35:50.096+00:00,Ticketed,,,,,,,,,,,,,,,,,
EGY,CLZW5X,2025-06-20T18:36:39.829+00:00,Ticketed,,,,,,,,,,,,,,,,,
EGY,CLZWDM,2025-06-20T18:38:14.227+00:00,Ticketed,,,,,,,,,,,,,,,,,
EGY,CLZWH0,2025-06-20T18:38:44.685+00:00,Ticketed,,,,,,,,,,,,,,,,,
EGY,CLZWM9,2025-06-20T18:39:54.294+00:00,Ticketed,,,,,,,,,,,,,,,,,
EGY,CLZX2H,2025-06-20T18:43:09.681+00:00,Ticketed,,,,,,,,,,,,,,,,,
EGY,CLZYRZ,2025-06-20T18:55:23.161+00:00,Ticketed,,,,,,,,,,,,,,,,,
EGY,CLZZLQ,2025-06-20T19:02:06.635+00:00,Ticketed,,,,,,,,,,,,,,,,,
EGY,CLZZQ2,2025-06-20T19:02:49.161+00:00,Ticketed,,,,,,,,,,,,,,,,,
EGY,CLZZW8,2025-06-20T19:04:25.601+00:00,Ticketed,,,,,,,,,,,,,,,,,
EGY,CLZZY6,2025-06-20T19:04:53.654+00:00,Ticketed,,,,,,,,,,,,,,,,,
EGY,CM00FS,2025-06-20T19:08:45.324+00:00,Ticketed,,,,,,,,,,,,,,,,,
EGY,CM00GM,2025-06-20T19:08:56.267+00:00,Ticketed,,,,,,,,,,,,,,,,,
EGY,CM00KX,2025-06-20T19:09:42.288+00:00,Ticketed,,,,,,,,,,,,,,,,,
EGY,CM00MC,2025-06-20T19:10:02.570+00:00,Ticketed,,,,,,,,,,,,,,,,,
EGY,CM00NY,2025-06-20T19:10:25.892+00:00,Ticketed,,,,,,,,,,,,,,,,,
EGY,CM00VR,2025-06-20T19:11:47.980+00:00,Ticketed,,,,,,,,,,,,,,,,,
EGY,CM00TL,2025-06-20T19:11:34.765+00:00,Ticketed,,,,,,,,,,,,,,,,,
EGY,CM017P,2025-06-20T19:14:57.305+00:00,Ticketed,,,,,,,,,,,,,,,,,
EGY,CM01B0,2025-06-20T19:15:42.763+00:00,Ticketed,,,,,,,,,,,,,,,,,
EGY,CM01TR,2025-06-20T19:20:01.554+00:00,Ticketed,,,,,,,,,,,,,,,,,
EGY,CM025K,2025-06-20T19:22:52.914+00:00,Ticketed,,,,,,,,,,,,,,,,,
EGY,CM027Z,2025-06-20T19:23:35.158+00:00,Ticketed,,,,,,,,,,,,,,,,,
EGY,CM029Y,2025-06-20T19:24:07.734+00:00,Ticketed,,,,,,,,,,,,,,,,,
EGY,CM028G,2025-06-20T19:23:43.834+00:00,Ticketed,,,,,,,,,,,,,,,,,
EGY,CM02BC,2025-06-20T19:24:12.235+00:00,Ticketed,,,,,,,,,,,,,,,,,
EGY,CM02D3,2025-06-20T19:24:37.415+00:00,Ticketed,,,,,,,,,,,,,,,,,
EGY,CM02KK,2025-06-20T19:26:05.499+00:00,Ticketed,,,,,,,,,,,,,,,,,
EGY,CM02NK,2025-06-20T19:26:56.598+00:00,Ticketed,,,,,,,,,,,,,,,,,
EGY,CM02YL,2025-06-20T19:29:23.872+00:00,Ticketed,,,,,,,,,,,,,,,,,
EGY,CM030H,2025-06-20T19:29:58.388+00:00,Ticketed,,,,,,,,,,,,,,,,,
EGY,CM03CL,2025-06-20T19:32:36.901+00:00,Ticketed,,,,,,,,,,,,,,,,,
EGY,CM0KT5,2025-06-20T21:55:25.449+00:00,Ticketed,,,,,,,,,,,,,,,,,
EGY,CM03NB,2025-06-20T19:35:12.247+00:00,Ticketed,,,,,,,,,,,,,,,,,
EGY,CM03RD,2025-06-20T19:36:09.741+00:00,Ticketed,,,,,,,,,,,,,,,,,
EGY,CM03ZB,2025-06-20T19:37:49.969+00:00,Ticketed,,,,,,,,,,,,,,,,,
EGY,CM047C,2025-06-20T19:39:54.694+00:00,Ticketed,,,,,,,,,,,,,,,,,
EGY,CM04GH,2025-06-20T19:42:04.704+00:00,Ticketed,,,,,,,,,,,,,,,,,
EGY,CM04Y3,2025-06-20T19:45:35.967+00:00,Ticketed,,,,,,,,,,,,,,,,,
EGY,CM0517,2025-06-20T19:46:24.953+00:00,Ticketed,,,,,,,,,,,,,,,,,
EGY,CM054Y,2025-06-20T19:47:28.657+00:00,Ticketed,,,,,,,,,,,,,,,,,
EGY,CM06L9,2025-06-20T20:00:03.195+00:00,Ticketed,,,,,,,,,,,,,,,,,
EGY,CM070H,2025-06-20T20:03:59.356+00:00,Ticketed,,,,,,,,,,,,,,,,,
EGY,CM078G,2025-06-20T20:06:20.503+00:00,Ticketed,,,,,,,,,,,,,,,,,
EGY,CM07DN,2025-06-20T20:07:35.033+00:00,Ticketed,,,,,,,,,,,,,,,,,
EGY,CM07WQ,2025-06-20T20:12:19.432+00:00,Ticketed,,,,,,,,,,,,,,,,,
EGY,CM080S,2025-06-20T20:13:33.401+00:00,Ticketed,,,,,,,,,,,,,,,,,
EGY,CM085W,2025-06-20T20:15:05.722+00:00,Ticketed,,,,,,,,,,,,,,,,,
EGY,CM087P,2025-06-20T20:15:41.685+00:00,Ticketed,,,,,,,,,,,,,,,,,
EGY,CM0881,2025-06-20T20:15:49.798+00:00,Ticketed,,,,,,,,,,,,,,,,,
EGY,CM088Z,2025-06-20T20:16:08.168+00:00,Ticketed,,,,,,,,,,,,,,,,,
EGY,CM08CC,2025-06-20T20:16:44.686+00:00,Ticketed,,,,,,,,,,,,,,,,,
EGY,CM08J8,2025-06-20T20:18:15.257+00:00,Ticketed,,,,,,,,,,,,,,,,,
EGY,CM08JX,2025-06-20T20:18:26.994+00:00,Ticketed,,,,,,,,,,,,,,,,,
EGY,CM08HD,2025-06-20T20:18:00.071+00:00,Ticketed,,,,,,,,,,,,,,,,,
EGY,CM08JW,2025-06-20T20:18:26.443+00:00,Ticketed,,,,,,,,,,,,,,,,,
EGY,CM08W3,2025-06-20T20:21:45.220+00:00,Ticketed,,,,,,,,,,,,,,,,,
EGY,CM0913,2025-06-20T20:23:18.805+00:00,Ticketed,,,,,,,,,,,,,,,,,
EGY,CM09CY,2025-06-20T20:26:25.274+00:00,Ticketed,,,,,,,,,,,,,,,,,
EGY,CM09J7,2025-06-20T20:27:47.699+00:00,Ticketed,,,,,,,,,,,,,,,,,
EGY,CM09V4,2025-06-20T20:30:51.313+00:00,Ticketed,,,,,,,,,,,,,,,,,
EGY,CM0B4N,2025-06-20T20:33:52.956+00:00,Ticketed,,,,,,,,,,,,,,,,,
EGY,CM0BDY,2025-06-20T20:36:27.813+00:00,Ticketed,,,,,,,,,,,,,,,,,
EGY,CM0BF3,2025-06-20T20:36:30.765+00:00,Ticketed,,,,,,,,,,,,,,,,,
EGY,CM0BVH,2025-06-20T20:40:41.642+00:00,Ticketed,,,,,,,,,,,,,,,,,
EGY,CM0BWB,2025-06-20T20:40:59.980+00:00,Ticketed,,,,,,,,,,,,,,,,,
EGY,CM0CRC,2025-06-20T20:49:19.471+00:00,Ticketed,,,,,,,,,,,,,,,,,
EGY,CM0CRH,2025-06-20T20:49:20.127+00:00,Ticketed,,,,,,,,,,,,,,,,,
EGY,CM0CSW,2025-06-20T20:49:47.292+00:00,Ticketed,,,,,,,,,,,,,,,,,
EGY,CM0CZ9,2025-06-20T20:51:23.486+00:00,Ticketed,,,,,,,,,,,,,,,,,
EGY,CM0D0N,2025-06-20T20:51:47.723+00:00,Ticketed,,,,,,,,,,,,,,,,,
EGY,CM0D33,2025-06-20T20:52:37.672+00:00,Ticketed,,,,,,,,,,,,,,,,,
EGY,CM0DS7,2025-06-20T20:59:34.175+00:00,Ticketed,,,,,,,,,,,,,,,,,
EGY,CM0F8Q,2025-06-20T21:04:48.017+00:00,Ticketed,,,,,,,,,,,,,,,,,
EGY,CM0FLG,2025-06-20T21:07:52.026+00:00,Ticketed,,,,,,,,,,,,,,,,,
EGY,CM0FNB,2025-06-20T21:08:21.283+00:00,Ticketed,,,,,,,,,,,,,,,,,
EGY,CM0FRL,2025-06-20T21:09:26.959+00:00,Ticketed,,,,,,,,,,,,,,,,,
EGY,CM0FSD,2025-06-20T21:09:45.002+00:00,Ticketed,,,,,,,,,,,,,,,,,
EGY,CM0FWW,2025-06-20T21:10:51.330+00:00,Ticketed,,,,,,,,,,,,,,,,,
EGY,CM0G7K,2025-06-20T21:14:21.853+00:00,Ticketed,,,,,,,,,,,,,,,,,
EGY,CM0GCY,2025-06-20T21:15:50.562+00:00,Ticketed,,,,,,,,,,,,,,,,,
EGY,CM0GWX,2025-06-20T21:21:21.470+00:00,Ticketed,,,,,,,,,,,,,,,,,
EGY,CM0H1R,2025-06-20T21:23:10.495+00:00,Ticketed,,,,,,,,,,,,,,,,,
EGY,CM0H5Z,2025-06-20T21:24:43.235+00:00,Ticketed,,,,,,,,,,,,,,,,,
EGY,CM0HG9,2025-06-20T21:27:35.153+00:00,Ticketed,,,,,,,,,,,,,,,,,
EGY,CM0HKT,2025-06-20T21:29:00.454+00:00,Ticketed,,,,,,,,,,,,,,,,,
EGY,CM0HTP,2025-06-20T21:31:44.677+00:00,Ticketed,,,,,,,,,,,,,,,,,
EGY,CM0JC0,2025-06-20T21:37:47.840+00:00,Ticketed,,,,,,,,,,,,,,,,,
EGY,CM0JCM,2025-06-20T21:38:05.172+00:00,Ticketed,,,,,,,,,,,,,,,,,
EGY,CM0J9P,2025-06-20T21:37:18.296+00:00,Ticketed,,,,,,,,,,,,,,,,,
EGY,CM0JGL,2025-06-20T21:39:07.994+00:00,Ticketed,,,,,,,,,,,,,,,,,
EGY,CM0JPT,2025-06-20T21:41:43.518+00:00,Ticketed,,,,,,,,,,,,,,,,,
EGY,CM0JRG,2025-06-20T21:42:17.167+00:00,Ticketed,,,,,,,,,,,,,,,,,
EGY,CM0JYG,2025-06-20T21:44:31.074+00:00,Ticketed,,,,,,,,,,,,,,,,,
EGY,CM0KNB,2025-06-20T21:53:19.326+00:00,Ticketed,,,,,,,,,,,,,,,,,
EGY,CM0KPJ,2025-06-20T21:53:52.435+00:00,Ticketed,,,,,,,,,,,,,,,,,
EGY,CM0KRM,2025-06-20T21:54:43.309+00:00,Ticketed,,,,,,,,,,,,,,,,,
EGY,CM0KSX,2025-06-20T21:55:20.569+00:00,Ticketed,,,,,,,,,,,,,,,,,
EGY,CM0LYY,2025-06-20T22:10:14.061+00:00,Ticketed,,,,,,,,,,,,,,,,,
EGY,CM0MPD,2025-06-20T22:20:13.039+00:00,Ticketed,,,,,,,,,,,,,,,,,
EGY,CM0MVK,2025-06-20T22:22:33.016+00:00,Ticketed,,,,,,,,,,,,,,,,,
EGY,CM0MZS,2025-06-20T22:24:40.584+00:00,Ticketed,,,,,,,,,,,,,,,,,
EGY,CM0P6T,2025-06-20T22:41:35.454+00:00,Ticketed,,,,,,,,,,,,,,,,,
EGY,CM0PFZ,2025-06-20T22:44:59.624+00:00,Ticketed,,,,,,,,,,,,,,,,,
EGY,CM0PW8,2025-06-20T22:50:55.571+00:00,Ticketed,,,,,,,,,,,,,,,,,
EGY,CM0Q7F,2025-06-20T22:56:02.469+00:00,Ticketed,,,,,,,,,,,,,,,,,
EGY,CM0QB4,2025-06-20T22:57:18.026+00:00,Ticketed,,,,,,,,,,,,,,,,,
EGY,CM0R0R,2025-06-20T23:06:59.988+00:00,Ticketed,,,,,,,,,,,,,,,,,
EGY,CM0R67,2025-06-20T23:09:57.983+00:00,Ticketed,,,,,,,,,,,,,,,,,
EGY,CM0R9H,2025-06-20T23:11:26.793+00:00,Ticketed,,,,,,,,,,,,,,,,,
EGY,CM0RHT,2025-06-20T23:14:39.775+00:00,Ticketed,,,,,,,,,,,,,,,,,
EGY,CM0RK9,2025-06-20T23:15:25.181+00:00,Ticketed,,,,,,,,,,,,,,,,,
EGY,CM0STJ,2025-06-20T23:35:32.144+00:00,Ticketed,,,,,,,,,,,,,,,,,
EGY,CM0T60,2025-06-20T23:42:01.241+00:00,Ticketed,,,,,,,,,,,,,,,,,
EGY,CM0TD7,2025-06-20T23:45:28.494+00:00,Ticketed,,,,,,,,,,,,,,,,,
